折々のことば：３７０　鷲田清一 	2016/4/15	朝刊	１総合
＜お知らせ＞朝日新聞社、オウンドメディアに進出　ＩＴベンチャーをグループ会社化 	2016/4/15	朝刊	１総合
（天声人語）地質年代にチバニアン 	2016/4/15	朝刊	１総合
インデックス　４月１５日 	2016/4/15	朝刊	１総合
（しつもん！ドラえもん：２２２３）とけい編 	2016/4/15	朝刊	１総合
熊本で震度７　Ｍ６．５　２人死亡、１人心肺停止　益城町、多数の家屋倒壊 	2016/4/15	朝刊	１総合
活断層近く、被害集中　益城町上空、識者分析　熊本地震 	2016/4/15	夕刊	１総合
素粒子 	2016/4/15	夕刊	１総合
９人死亡、８９０人負傷　熊本地震、余震続く　一時４万人超避難 	2016/4/15	夕刊	１総合
読まれたファイブ　朝日新聞ＤＩＧＩＴＡＬ　１４日 	2016/4/15	夕刊	１総合
（ひと）山本圭一さん　被災地の石巻市雄勝町でトレイルランニングを主催する 	2016/4/15	朝刊	２総合
政府、官邸に対策室設置　熊本地震 	2016/4/15	朝刊	２総合
（時時刻刻）内陸活断層、横ずれ　浅い震源、余震に警戒　熊本・益城で震度７ 	2016/4/15	朝刊	２総合
中国ＧＤＰ６．７％増、７年ぶり低水準　１〜３月期 	2016/4/15	夕刊	２総合
レバイン氏退任へ　メトロポリタン歌劇場音楽監督 	2016/4/15	夕刊	２総合
パソコン統合、白紙濃厚　溝埋まらず　東芝・富士通・ＶＡＩＯ 	2016/4/15	夕刊	２総合
政府、熊本地震対応を優先　激甚災害指定へ調査団　ＴＰＰ審議見合わせ 	2016/4/15	夕刊	２総合
ＯＥＣＤ、税逃れ対策提言　情報交換など求める　Ｇ２０に提出 	2016/4/15	夕刊	２総合
北朝鮮ミサイル失敗　中距離弾道「ムスダン」か 	2016/4/15	夕刊	２総合
デジタル版から　朝日新聞ＤＩＧＩＴＡＬ 	2016/4/15	夕刊	２総合
鈴木会長、最高顧問に　セブン＆アイＨＤ 	2016/4/15	夕刊	２総合
Ｇ２０開幕、為替を議論　米ワシントン 	2016/4/15	夕刊	２総合
（デジタル版から）今週のおすすめ動画 	2016/4/15	朝刊	３総合
パナマ文書、流出元にメス　地元検察、電子データ押収 	2016/4/15	朝刊	３総合
（てんでんこ）防潮堤：９　共闘 	2016/4/15	朝刊	３総合
グランプリに「春の約束」　第２回松田優作賞 	2016/4/15	夕刊	夕刊ｂｅ金曜１面
こころの旅、だれにでも　「さざなみ」に主演、シャーロット・ランプリング 	2016/4/15	夕刊	夕刊ｂｅ金曜１面
（プレミアシート）「スポットライト　世紀のスクープ」　良心と正義、実直に真実追う 	2016/4/15	夕刊	夕刊ｂｅ金曜１面
連合、民進の出方探る　対応方針後退、「考え共有に時間」 	2016/4/15	朝刊	４総合
衆院選、野党共闘は効く？　前回票合算→５９区逆転の試算　与党警戒、野合と批判 	2016/4/15	朝刊	４総合
首相動静　１４日 	2016/4/15	朝刊	４総合
共産、衆院選６人公認 	2016/4/15	朝刊	４総合
ママの会「安保法廃止を」 	2016/4/15	朝刊	４総合
社民、参院選１人推薦 	2016/4/15	朝刊	４総合
傍受拡大、対テロが旗印　目立つ捜査拡充、乱用に懸念　刑事司法改革審議、参院委で再開 	2016/4/15	朝刊	４総合
生乳流通自由化、自民で反対決議　農水調査会 	2016/4/15	朝刊	４総合
「参院を地域の代表に」　全国知事会特別委 	2016/4/15	朝刊	４総合
（評・映画）「花、香る歌」　歌も愛も、抑圧されながら 	2016/4/15	夕刊	文化芸能
愛を描き、自由問いかける　ジャ・ジャンクー監督「山河ノスタルジア」 	2016/4/15	夕刊	文化芸能
（評・映画）「モヒカン故郷に帰る」　重いテーマ、軽く心地よく 	2016/4/15	夕刊	文化芸能
新作１２本、旧作２本を上映　イタリア映画祭２０１６、２９日開幕 	2016/4/15	夕刊	文化芸能
（評・映画）「グランドフィナーレ」　行き交う個性的な宿泊客 	2016/4/15	夕刊	文化芸能
スマホ長期割、広がるか　ドコモ、先陣切り引き下げ 	2016/4/15	朝刊	５総合
「患者申し出療養」課題も　申請に半年以上　未承認薬なら高額　評価会議初会合 	2016/4/15	朝刊	５総合
自閉症診断、客観指標へ一歩　脳データ、ＡＩで解析 	2016/4/15	朝刊	５総合
健康増進めざし法案　超党派議連 	2016/4/15	朝刊	５総合
農作業で高齢者元気に？　医療費２〜３割少なく　早大調査 	2016/4/15	朝刊	５総合
（教えて！１億総活躍社会：６）女性の就労拡大阻む壁、対策は？ 	2016/4/15	朝刊	５総合
講座・講演　マリオン 	2016/4/15	夕刊	夕刊ｂｅ金曜３面
（私の描くグッとムービー）牧野千穂さん「ロスト・チルドレン」 	2016/4/15	夕刊	夕刊ｂｅ金曜３面
イベント　マリオン 	2016/4/15	夕刊	夕刊ｂｅ金曜３面
催し・施設・ご招待　マリオン 	2016/4/15	夕刊	夕刊ｂｅ金曜３面
映画　マリオン 	2016/4/15	夕刊	夕刊ｂｅ金曜３面
（けいざい＋）東芝の迷宮：５　内部通報、開けたパンドラの箱 	2016/4/15	朝刊	１経済
ＡＤＢ駐中国トップ、ＡＩＩＢへ 	2016/4/15	朝刊	１経済
「導入しなければより市場悪い」　日銀黒田総裁、マイナス金利巡り 	2016/4/15	朝刊	１経済
東証、５００円超上げ　中国統計好感、３日続伸計１１５９円 	2016/4/15	朝刊	１経済
首都圏マンション、減少続く 	2016/4/15	朝刊	１経済
大塚家具、父娘の訴訟終結へ 	2016/4/15	朝刊	１経済
全農、「多収穫米」を強化 	2016/4/15	朝刊	１経済
アルゼンチン、国債発行へ　１５年ぶり、米ファンドとの係争にめど 	2016/4/15	朝刊	１経済
東京マーケット（１４日） 	2016/4/15	朝刊	１経済
（大竹しのぶ　まあいいか：１１９）恐るべし、ミっちゃん 	2016/4/15	夕刊	夕刊ｂｅ金曜２面
（人生の贈りもの）わたしの半生　ジャーナリスト・評論家、立花隆：１０　７５歳 	2016/4/15	夕刊	夕刊ｂｅ金曜２面
（ｓｉｐｐｏのつぶやき）しずく　横浜市　シーズー　♂　３歳 	2016/4/15	夕刊	夕刊ｂｅ金曜２面
舞台　マリオン 	2016/4/15	夕刊	夕刊ｂｅ金曜４面
（時どき街まち）１９５６年　大田区南千束　畳を干して大掃除 	2016/4/15	夕刊	夕刊ｂｅ金曜４面
音楽　マリオン 	2016/4/15	夕刊	夕刊ｂｅ金曜４面
新社長に水永政志氏　スター・マイカ 	2016/4/15	朝刊	２経済
家庭向けの電気、契約目標４０万件　東京ガス、今年度に 	2016/4/15	朝刊	２経済
（商品ファイル）夏向けメッシュでクールに　トリンプの女性用肌着 	2016/4/15	朝刊	２経済
カリスマ誤算、王国崩壊　セブン鈴木会長、漏れた首脳人事案 	2016/4/15	朝刊	２経済
新社長に岩田弘三氏　ロック・フィールド 	2016/4/15	朝刊	２経済
（商品ファイル）ポカリ、初めてゼリーに　大塚製薬 	2016/4/15	朝刊	２経済
ロボット片手に「もしもし」　歩く・話す・踊る　シャープ、２１万円で 	2016/4/15	朝刊	２経済
（商品ファイル）しゅわっと、お口さわやかに　明治ののどあめ 	2016/4/15	朝刊	２経済
ＬＣＣ、ようやく軌道に　認知度↑・訪日客↑ 	2016/4/15	朝刊	２経済
新社長、井阪氏に固まる　セブン＆アイＨＤ 	2016/4/15	朝刊	２経済
坂下俊男さん死去 	2016/4/15	朝刊	２経済
（しつもん！ドラえもん：２２２３）とけい編　こたえ 	2016/4/15	朝刊	２経済
決算・人事など 	2016/4/15	朝刊	２経済
被害確認、急ぐ企業　従業員避難の工場も　熊本で地震 	2016/4/15	朝刊	２経済
競馬・阪神１１　アンタレスＳ 	2016/4/15	夕刊	スポーツ１
国産義足、世界への挑戦　ミズノ・Ｘｉｂｏｒｇ…海外メーカーに対抗 	2016/4/15	夕刊	スポーツ１
（Ｓｐｏｒｔｓだ〜れ？）ママなでしこ選手　サッカー 	2016/4/15	夕刊	スポーツ１
ドルトムント、準々決勝敗退　サッカー・欧州リーグ　１４日 	2016/4/15	夕刊	スポーツ１
リオンディーズ、体調は上り調子　競馬・皐月賞 	2016/4/15	夕刊	スポーツ１
岩田は３６位発進　米男子ゴルフ 	2016/4/15	夕刊	スポーツ１
山口ら準々決勝へ　バドミントンのシンガポール・オープン 	2016/4/15	夕刊	スポーツ１
（有吉正徳の競馬ウィークリー）桜花賞に続く３強対決に注目 	2016/4/15	夕刊	スポーツ１
米軍、フィリピン駐留へ　２５年ぶり　南シナ海、中国を牽制 	2016/4/15	朝刊	１外報
韓国与党、第２党に転落　若者の不満、影響か　総選挙 	2016/4/15	朝刊	１外報
「妥協点、いつか見つかる」　北方領土問題でプーチン氏 	2016/4/15	朝刊	１外報
（北朝鮮を読む　ＫＣＩＡ秘録：４）秘密接触でつかんだ「本音」 	2016/4/15	朝刊	１外報
（地球２４時）中国、同性婚認めず 	2016/4/15	朝刊	１外報
スイング、はじける　日仏の女性バイオリニスト、ジャズで多彩に 	2016/4/15	夕刊	夕刊ｂｅ金曜５面
“ＪＡＺＺ”１００周年、名曲で　東京で来月、初公演 	2016/4/15	夕刊	夕刊ｂｅ金曜５面
（かたえくぼ）米国のみなさん 	2016/4/15	朝刊	オピニオン２
（声）戒名も戦いの道具にされた戦争 	2016/4/15	朝刊	オピニオン２
（声）北朝鮮には軍事でなく対話で 	2016/4/15	朝刊	オピニオン２
（声）若い世代　新聞読む意味が少し分かった 	2016/4/15	朝刊	オピニオン２
（声）袴田さん再審開始、一日も早く 	2016/4/15	朝刊	オピニオン２
（声）若い世代　自分をダメだと思うのはやめる 	2016/4/15	朝刊	オピニオン２
（声）若い世代　大好きな校長先生ありがとう 	2016/4/15	朝刊	オピニオン２
（社説）韓国の政治　独善から対話へ転換を 	2016/4/15	朝刊	オピニオン２
（社説）奨学金制度　格差是正へ改善急げ 	2016/4/15	朝刊	オピニオン２
（社説余滴）大平首相と安倍首相　小村田義之 	2016/4/15	朝刊	オピニオン２
朝日川柳　日暮麦人選 	2016/4/15	朝刊	オピニオン２
（声）若い世代　「而今」胸に精いっぱい生きる 	2016/4/15	朝刊	オピニオン２
余震「眠れない」　自宅へ「怖くて戻れない」　熊本地震 	2016/4/15	夕刊	２社会
熊本城、天守閣・石垣損壊　熊本地震 	2016/4/15	夕刊	２社会
原発事故で犠牲、牛の慰霊碑除幕　餓死・安楽死悼む 	2016/4/15	夕刊	２社会
神戸山口組、指定暴力団に 	2016/4/15	夕刊	２社会
女子プロゴルフ中止　熊本で開催予定 	2016/4/15	夕刊	２社会
＜お知らせ＞熊本地震、救援金受け付けます 	2016/4/15	夕刊	２社会
震度４以上、２０回　６強も　熊本地震 	2016/4/15	夕刊	２社会
両陛下の静岡訪問中止　熊本の地震を受け 	2016/4/15	夕刊	２社会
（月刊安心新聞）過剰なバッシング　この国のもろさの兆候　神里達博 	2016/4/15	朝刊	オピニオン１
（核といのちを考える）チェルノブイリの祈り　ノーベル文学賞作家、スベトラーナ・アレクシエービッチさん 	2016/4/15	朝刊	オピニオン１
田母神容疑者が受領認める映像　支援者が断った計１００万円 	2016/4/15	夕刊	１社会
（各駅停話：６３０）東急田園都市線：１３　たまプラーザ　元気市に本場ソーセージ 	2016/4/15	夕刊	１社会
盗み目的と容疑者供述　ゴールデン街火災 	2016/4/15	夕刊	１社会
群馬の山中に変死体　埼玉の７０代不明男性 	2016/4/15	夕刊	１社会
夜徹し懸命の救助　８カ月の女児無事「やったー」　熊本地震 	2016/4/15	夕刊	１社会
後輩と対決　阪神５—２ＤｅＮＡ　プロ野球 	2016/4/15	朝刊	スポーツ２
日本ハム・杉谷が右手首を手術へ　プロ野球 	2016/4/15	朝刊	スポーツ２
中日、今季初３連敗　広島１０—１中日　プロ野球 	2016/4/15	朝刊	スポーツ２
阪神・藤川が登録抹消　プロ野球 	2016/4/15	朝刊	スポーツ２
同点弾・決勝打、バレ本領　ヤクルト６—４巨人　プロ野球 	2016/4/15	朝刊	スポーツ２
「ＫＯＢＥ」コービー・ブライアント引退　ＮＢＡ得点王２度、五輪で金も 	2016/4/15	朝刊	スポーツ２
楽天・オコエが２軍降格　プロ野球 	2016/4/15	朝刊	スポーツ２
野球・大リーグ　１３日 	2016/4/15	朝刊	スポーツ２
１４日の結果と順位表　プロ野球セ・リーグ 	2016/4/15	朝刊	スポーツ２
低め低め、実った海外修行　オリックス・山崎福也　オリックス１—０日本ハム　プロ野球 	2016/4/15	朝刊	スポーツ２
ヤクルト・畠山が抹消へ　プロ野球 	2016/4/15	朝刊	スポーツ２
涌井４連勝、仲間に感謝　ロッテ９—２楽天　プロ野球 	2016/4/15	朝刊	スポーツ２
１４日の結果と順位表　プロ野球パ・リーグ 	2016/4/15	朝刊	スポーツ２
ジョコビッチ敗れる　男子テニス 	2016/4/15	朝刊	スポーツ１
野村２３位、上原４７位　米女子ゴルフ 	2016/4/15	朝刊	スポーツ１
連盟がシャラポワ聴聞へ　メルドニウム処分基準緩和 	2016/4/15	朝刊	スポーツ１
さいたま国際マラソンが門戸拡大 	2016/4/15	朝刊	スポーツ１
（私の考え　賭博問題）心の教育も指導者の役割　チョウ貴裁監督 	2016/4/15	朝刊	スポーツ１
サントリーの新監督に沢木氏　ラグビー 	2016/4/15	朝刊	スポーツ１
蘇炳添は欠場　陸上・セイコーＧＧＰ川崎 	2016/4/15	朝刊	スポーツ１
バルサ敗退、４強ならず　サッカー・欧州ＣＬ　１３日 	2016/4/15	朝刊	スポーツ１
ペナルティーエリア内のルール改正へ　サッカー 	2016/4/15	朝刊	スポーツ１
重永と永野が首位スタート　ゴルフ・東建ホームメイトカップ　１４日 	2016/4/15	朝刊	スポーツ１
日本はＢ組、強豪そろう　サッカー五輪組み合わせ 	2016/4/15	朝刊	スポーツ１
ベンゼマは欧州選手権に招集せず　サッカー仏代表 	2016/4/15	朝刊	スポーツ１
ブラックホークス初戦黒星　ＮＨＬ 	2016/4/15	朝刊	スポーツ１
敷根が準優勝　フェンシング・アジア選手権 	2016/4/15	朝刊	スポーツ１
ゴルフＫＫＴ杯、１５日は中止　地震の影響で 	2016/4/15	朝刊	スポーツ１
１４日の記録　スポーツ 	2016/4/15	朝刊	スポーツ３
野口みずき引退、きょう会見　アテネ・マラソン金、「足壊れるまで」駆け抜けた１５１センチ 	2016/4/15	朝刊	スポーツ３
東都大学野球　１４日 	2016/4/15	朝刊	スポーツ３
マカヒキ２枠３番　競馬Ｇ１・皐月賞　１７日発走 	2016/4/15	朝刊	スポーツ３
８強決まる　バスケット・ＮＢＬ　１４日 	2016/4/15	朝刊	スポーツ３
（あの夏）帝京×仙台育英：９　まさかの完敗、主将交代　高校野球 	2016/4/15	朝刊	スポーツ３
１５歳伊藤、女王・丁寧破る　卓球・五輪アジア予選　１４日 	2016/4/15	朝刊	スポーツ３
きょうのスポーツ 	2016/4/15	朝刊	スポーツ３
（患者を生きる：３０３２）ある日突然　首の骨折：４　騎手でいられる幸せ 	2016/4/15	朝刊	生活１
（ひととき）受け継ぐ漆器と和の心 	2016/4/15	朝刊	生活１
（料理メモ）牛肉とたたきゴボウのゴマあえ 	2016/4/15	朝刊	生活１
（みんなのひととき）政治、子どもと語っていますか　「親が関心を」母親ら活動 	2016/4/15	朝刊	生活１
（オトナになった女子たちへ）ピッカピカ、心かなたへ　伊藤理佐 	2016/4/15	朝刊	生活１
（おかずラボ）煮物を極める：７　アスパラ、直煮でシャキッ 	2016/4/15	朝刊	生活２
（わたしの料理）内田悟さん：３　ソラマメのかき揚げ 	2016/4/15	朝刊	生活２
ニュースでＱ 	2016/4/15	朝刊	教育１
中１ギャップ、なくせるか　小中一貫の「義務教育学校」 	2016/4/15	朝刊	教育１
（おやじのせなか）綿矢りささん　関西人、ひょうひょうと 	2016/4/15	朝刊	教育１
（いま子どもたちは）あのころ：２　勉強より空襲から身を守る訓練 	2016/4/15	朝刊	教育１
夏目漱石「吾輩は猫である」：１０ 	2016/4/15	朝刊	文化文芸
宗教界、改憲論と向き合う　学びの場、設ける動き 	2016/4/15	朝刊	文化文芸
（黒板）第２７回斎藤茂吉短歌文学賞・第１４回前川佐美雄賞 	2016/4/15	朝刊	文化文芸
日産、１２車種７２万台リコール 	2016/4/15	朝刊	３社会
Ｃ−Ｃ−Ｂ元メンバー逮捕　覚醒剤使用容疑 	2016/4/15	朝刊	３社会
井山、連勝１８で止まる　伊田が初勝利　囲碁十段戦 	2016/4/15	朝刊	３社会
ダイハツ、８万台の改善対策 	2016/4/15	朝刊	３社会
囲碁名人戦リーグ戦（１４日） 	2016/4/15	朝刊	３社会
第１０６２回ロト６（１４日） 	2016/4/15	朝刊	３社会
新たなウェブ広告手法を企業に提案　朝日新聞社、全株取得のベンチャーと共同で 	2016/4/15	朝刊	３社会
三菱自、６車種１２万台リコール 	2016/4/15	朝刊	３社会
ヘイト法案修正求める声明　在日コリアン弁護士協会 	2016/4/15	朝刊	３社会
クレディ・スイス証券、監視委が処分勧告へ　公表前決算情報、客に伝えた疑い 	2016/4/15	朝刊	３社会
第４３８２回ナンバーズ（１４日） 	2016/4/15	朝刊	３社会
校内でけんか後、小４が意識不明　腹や背中殴られる　東京・足立 	2016/4/15	朝刊	３社会
春爛漫くじ　第２３１５回東京都宝くじ（１４日） 	2016/4/15	朝刊	３社会
元歌のお兄さん、覚醒剤所持容疑　警視庁逮捕 	2016/4/15	朝刊	３社会
安保法、深まらぬ論戦　自衛隊の街「もっと議論を」　衆院補選・北海道５区 	2016/4/15	朝刊	３社会
春爛漫くじ　第２３７７回関東・中部・東北自治宝くじ（１４日） 	2016/4/15	朝刊	３社会
ＡＩＪ元社長ら実刑確定へ 	2016/4/15	朝刊	３社会
川端賞に山田詠美さん 	2016/4/15	朝刊	３社会
現金配布先、確認する映像　田母神氏、公選法違反容疑で逮捕 	2016/4/15	朝刊	２社会
大平透さん死去　笑ゥせぇるすまんの声 	2016/4/15	朝刊	２社会
夜の街、騒然　ライフラインに混乱も　熊本地震 	2016/4/15	朝刊	２社会
ＬＩＮＥ、固定・携帯への通話１０分間無料　熊本地震を受け 	2016/4/15	朝刊	２社会
激しい揺れ、何度も　「家めちゃくちゃ、住めない」　熊本地震 	2016/4/15	朝刊	１社会
熊本で強い揺れ　余震なお続く 	2016/4/16	朝刊	１総合
激甚災害に指定へ　熊本地震 	2016/4/16	朝刊	１総合
山岸章さん死去　連合初代会長　８６歳 	2016/4/16	朝刊	１総合
折々のことば：３７１　鷲田清一 	2016/4/16	朝刊	１総合
断層近く、古い家屋倒壊　死者９人、けが１０００人　熊本地震 	2016/4/16	朝刊	１総合
（天声人語）熊本地震の教訓 	2016/4/16	朝刊	１総合
インデックス　４月１６日 	2016/4/16	朝刊	１総合
（しつもん！ドラえもん：２２２４）とけい編 	2016/4/16	朝刊	１総合
熊本、震度６強２回　最大Ｍ７．３、さらに１５人死亡　九州各地被害、余震続く 	2016/4/16	夕刊	１総合
素粒子 	2016/4/16	夕刊	１総合
（フロントランナー）米紙ボストン・グローブ記者　マイケル・レゼンデスさん、サーシャ・ファイファーさん　調査報道にスポットライトを 	2016/4/16	朝刊	週末ｂｅ・ｂ０１
（ひと）オウレリウス・ジーカスさん　本格的な日本語・リトアニア語辞典を初めて完成させた 	2016/4/16	朝刊	２総合
（かしこく選ぶ　買い物指南）冷蔵庫：下　お手入れ・搬入経路も確かめて 	2016/4/16	朝刊	週末ｂｅ・ｂ０２
（時時刻刻）阪神と似た揺れ、倒壊多発　突然体浮き下敷きに　熊本地震 	2016/4/16	朝刊	２総合
（もういちど流行歌）「やさしい悪魔」キャンディーズ　解散宣言前、最も売れていた曲 	2016/4/16	朝刊	週末ｂｅ・ｂ０２
産業淘汰「石炭の街」苦難　中国減速、成長率６．７％ 	2016/4/16	朝刊	３総合
グアム射程、米の反発必至　北朝鮮、弾道ミサイル失敗 	2016/4/16	朝刊	３総合
（街のＢ級言葉図鑑）行かれません　飯間浩明 	2016/4/16	朝刊	週末ｂｅ・ｂ０３
新幹線脱線、防止ガードなし　大きな揺れ想定外区間　熊本地震 	2016/4/16	朝刊	３総合
（サザエさんをさがして）スズメ　徐々に数減らす身近な鳥 	2016/4/16	朝刊	週末ｂｅ・ｂ０３
（北欧女子オーサの日本探検）京都を歩く：下　芸妓さんがハジける夜 	2016/4/16	朝刊	週末ｂｅ・ｂ０４
（古都さんぽ）夢枕獏が歩く：３　長建寺　宇賀神ってどんな神？ 	2016/4/16	朝刊	週末ｂｅ・ｂ０４
見解「変更なし」政府答弁書決定　憲法は核兵器禁止せず 	2016/4/16	朝刊	４総合
首相動静　１５日 	2016/4/16	朝刊	４総合
安保関連法「支持・歓迎」の国名列挙　外交青書、「評価」を強調 	2016/4/16	朝刊	４総合
（旬ネタ！！）タッキーファッション　滝沢クンは関係ない 	2016/4/16	朝刊	週末ｂｅ・ｂ０４
衆院選改革、法案提出　自公案・民進案、２２日審議入り 	2016/4/16	朝刊	４総合
首相、きょう熊本視察　地震対応へ現地本部 	2016/4/16	朝刊	４総合
パナマ大統領あす訪日 	2016/4/16	朝刊	４総合
（呉座勇一の交流の歴史学）中世の花まつり　飾りつけめぐりケンカも 	2016/4/16	朝刊	週末ｂｅ・ｂ０４
ＴＰＰ審議１８日再開　熊本地震で見送り 	2016/4/16	朝刊	４総合
待機児童解消へ、保育所騒音対策　民進が提言原案 	2016/4/16	朝刊	４総合
辺野古係争、２２日陳述　沖縄県と国交省 	2016/4/16	朝刊	４総合
非自民政権樹立に力　労組の中央組織築く　山岸章さん死去 	2016/4/16	朝刊	４総合
自衛隊派遣、２万人に増強　首相、熊本視察を中止　熊本地震 	2016/4/16	夕刊	２総合
Ｇ２０、税逃れ防止策を強化　声明採択、情報交換を全関係国に要求 	2016/4/16	夕刊	２総合
北朝鮮のミサイル、移動台から　米分析「破滅的失敗」 	2016/4/16	夕刊	２総合
川内原発は運転継続　揺れ、停止値下回る　熊本地震 	2016/4/16	夕刊	２総合
デジタル版から　朝日新聞ＤＩＧＩＴＡＬ 	2016/4/16	夕刊	２総合
米政府「支援用意ある」　熊本地震 	2016/4/16	夕刊	２総合
中国の弁護士、一時拘束　「パナマ文書」をネット上で紹介 	2016/4/16	夕刊	２総合
（ののちゃんのＤＯ科学）ＩＣカードはどんな仕組み？ 	2016/4/16	朝刊	週末ｂｅ・ｂ０５
（今さら聞けない＋）円周率π　進む計算法、桁数「１０兆」超え 	2016/4/16	朝刊	週末ｂｅ・ｂ０５
（みちのものがたり）「塩の行進」の道　インド・グジャラート州　「インドの全て」の巨大さ 	2016/4/16	朝刊	週末ｂｅ・ｂ０６
（肴ごはん）「春キャベツ　桜エビの熱々オイルがけ」　サクラサク春の味わい 	2016/4/16	朝刊	週末ｂｅ・ｂ０６
（帰ってきた食べテツの女）偉い猫の駅で熱き猫を食う　ホットキャットセット　和歌山電鉄貴志駅　荷宮和子 	2016/4/16	朝刊	週末ｂｅ・ｂ０６
正規との賃金差、欧州並み水準に　１億総活躍相が目標 	2016/4/16	朝刊	５総合
（Ｒｅ：お答えします）「桜を見る会」とは、どんな会？ 	2016/4/16	朝刊	５総合
「ひとみ」分解は設定ミス？　姿勢を勘違いし回転　ＪＡＸＡ発表 	2016/4/16	朝刊	５総合
日ロ平和条約、早期に交渉　首相訪ロ準備、外相合意 	2016/4/16	朝刊	５総合
（教えて！１億総活躍社会：７）働く高齢者増加、どう支援？ 	2016/4/16	朝刊	５総合
（作家の口福）日仏の味の違い　辻仁成 	2016/4/16	朝刊	週末ｂｅ・ｂ０６
温室ガス、５年ぶり減　１４年度３．１％減　再生エネ大幅増 	2016/4/16	朝刊	５総合
日本の電力３社、投資対象外　ノルウェー年金基金、石炭比率理由に 	2016/4/16	朝刊	５総合
新会長に勝野氏　電事連発表 	2016/4/16	朝刊	２経済
新社長に萩尾陽平氏　ウォーターダイレクト 	2016/4/16	朝刊	２経済
（商品ファイル）わさび２種、マヨでまろやか　湖池屋 	2016/4/16	朝刊	２経済
東芝、早期退職者３４４９人に 	2016/4/16	朝刊	２経済
成長戦略に溝、白紙濃厚　東芝・富士通・ＶＡＩＯ、パソコン統合交渉 	2016/4/16	朝刊	２経済
高橋淳さん死去 	2016/4/16	朝刊	２経済
熊本地震、相次ぐ操業停止　部品供給、寸断のおそれ 	2016/4/16	朝刊	２経済
（商品ファイル）琉球紅型、かりゆしウェアに 	2016/4/16	朝刊	２経済
（商品ファイル）優れた加速、操縦しやすく　ヤマハ発動機のマリンジェット 	2016/4/16	朝刊	２経済
新社長に呉文精氏　ルネサス 	2016/4/16	朝刊	２経済
（商品ファイル）シャフト長く、軽く　プロギアのドライバー 	2016/4/16	朝刊	２経済
決算・人事など 	2016/4/16	朝刊	２経済
（てくの生活入門）スマホでおいしく料理を撮影　ひと工夫で魅力アップ 	2016/4/16	朝刊	週末ｂｅ・ｂ０９
積水化学、中国の水事業縮小 	2016/4/16	朝刊	１経済
明誠監査法人に改善命令　金融庁 	2016/4/16	朝刊	１経済
（続・元気のひけつ）五月病　ストレスは一人で抱えず発散を 	2016/4/16	朝刊	週末ｂｅ・ｂ０９
英石油大手ＢＰ、ＣＥＯ報酬増否決 	2016/4/16	朝刊	１経済
（知っ得　なっ得）ふるさと納税：３　控除の上限額はチェックを 	2016/4/16	朝刊	週末ｂｅ・ｂ０９
サンマ漁獲可能量、また最低 	2016/4/16	朝刊	１経済
（けいざい＋）「コンビニの親」と歩み続け　セブン＆アイ「ポスト鈴木」井阪氏 	2016/4/16	朝刊	１経済
Ｇ２０、世界経済下支え議論　中国減速・原油安・テロ、火だね抱え 	2016/4/16	朝刊	１経済
東京マーケット（１５日） 	2016/4/16	朝刊	１経済
（しつもん！ドラえもん：２２２４）とけい編　こたえ 	2016/4/16	朝刊	１経済
「海自の歌姫」初アニソン　東京音楽隊カバーアルバム 	2016/4/16	夕刊	文化芸能
魅力的な変人、また一人　古沢良太脚本「スキャナー」、２９日公開 	2016/4/16	夕刊	文化芸能
プレゼント　マリオン 	2016/4/16	夕刊	夕刊ｂｅ土曜４面
仲村トオル、円熟警視　横山秀夫ドラマ２作で主演 	2016/4/16	夕刊	文化芸能
（ブルボン小林の末端時評）子どもだけの冒険どこへ 	2016/4/16	夕刊	文化芸能
（１０４歳　私の証・あるがまま行く）不屈の精神と若者の旅立ち：下　日野原重明＝訂正・おわびあり 	2016/4/16	朝刊	週末ｂｅ・ｂ０９
ブームの卵　マリオン 	2016/4/16	夕刊	夕刊ｂｅ土曜４面
いわせてもらお 	2016/4/16	朝刊	週末ｂｅ・ｂ１０
（悩みのるつぼ）家事をせず母の悪口言う父 	2016/4/16	朝刊	週末ｂｅ・ｂ１０
みなさんから・編集部から 	2016/4/16	朝刊	週末ｂｅ・ｂ１０
（ｂｅ　ｂｅｔｗｅｅｎ　読者とつくる）キャスターＶＳ．アナウンサー 	2016/4/16	朝刊	週末ｂｅ・ｂ１０
（北朝鮮を読む　ＫＣＩＡ秘録：５）「党中央」から指示、何者なのか 	2016/4/16	朝刊	１外報
対中政策閣僚に外交官・張氏　台湾次期政権、対話探るシグナルか 	2016/4/16	朝刊	１外報
（地球２４時）海自潜水艦が豪に入港 	2016/4/16	朝刊	１外報
韓国与党、第１党返り咲きへ　「非朴系」の復党容認、過半数には届かず 	2016/4/16	朝刊	１外報
テロ準備の疑い、英当局５人逮捕 	2016/4/16	朝刊	１外報
（地球２４時）ＥＵ各国、航空旅客の情報共有へ　テロ対策 	2016/4/16	朝刊	１外報
南シナ海視察、競う存在感　米、駐留予定地に国防長官　中国、制服トップを南沙派遣 	2016/4/16	朝刊	１外報
（地球２４時）ウクライナ、首相にグロイスマン氏 	2016/4/16	朝刊	１外報
残る？去る？悩める英　国民投票、運動期間入り 	2016/4/16	朝刊	１外報
川崎、マイナー降格　大リーグ 	2016/4/16	夕刊	スポーツ１
リオへ、覚悟の代表復帰　バレー男子・福沢達哉　ブラジル修業「経験伝える」 	2016/4/16	夕刊	スポーツ１
サンウルブズ７連敗　スーパーラグビー 	2016/4/16	夕刊	スポーツ１
ＷＡＤＡ、「新体制構築に２年必要」 	2016/4/16	夕刊	スポーツ１
両エース、成長実感　卓球・五輪アジア予選 	2016/4/16	夕刊	スポーツ１
田中と初対決　岩隈「楽しみ」　野球・大リーグ 	2016/4/16	夕刊	スポーツ１
犠牲、帰った矢先　家の下敷き、悔やむ孫　益城　熊本地震 	2016/4/16	夕刊	２社会
＜お知らせ＞熊本地震、救援金受け付けます 	2016/4/16	夕刊	２社会
一部地域、携帯不通に　熊本地震 	2016/4/16	夕刊	２社会
宇土市役所が崩壊寸前　熊本地震 	2016/4/16	夕刊	２社会
熊本城の櫓、石垣ごと　重文倒壊　熊本地震 	2016/4/16	夕刊	２社会
熊本空港閉鎖、復旧のめど立たず　熊本地震 	2016/4/16	夕刊	２社会
プロ野球など中止　熊本地震 	2016/4/16	夕刊	２社会
未明、やまぬ揺れ　学生アパート１階崩壊　阿蘇地方、土砂崩れ・橋崩落　熊本地震 	2016/4/16	夕刊	１社会
阿蘇神社の楼門、柱折れ　熊本地震 	2016/4/16	夕刊	１社会
（かたえくぼ）パナマ文書 	2016/4/16	朝刊	オピニオン２
（声）原発再稼働の是非を検討して 	2016/4/16	朝刊	オピニオン２
（社説）震度７の熊本地震　大地の警告に耳すまそう 	2016/4/16	朝刊	オピニオン２
（声）ふるさと納税は粋で賢い制度 	2016/4/16	朝刊	オピニオン２
朝日川柳　西木空人選 	2016/4/16	朝刊	オピニオン２
（声）熊本地震、強烈な揺れに恐怖 	2016/4/16	朝刊	オピニオン２
（声）３世代同居、ご免こうむります 	2016/4/16	朝刊	オピニオン２
（声）防災の心構えと支援の思い新た 	2016/4/16	朝刊	オピニオン２
（わたしの紙面批評）＃保育園落ちたの私だ　ネット上の「声」、より的確な反応を　宇野重規さん 	2016/4/16	朝刊	オピニオン２
（風　ヤンゴンから）スーチーさんのＴシャツ　大野良祐 	2016/4/16	朝刊	オピニオン１
（記者有論）超高齢社会　生きがい支える仕組みを　佐藤陽 	2016/4/16	朝刊	オピニオン１
（耕論）震度７、熊本地震の衝撃　大木聖子さん、磯田道史さん、河田恵昭さん 	2016/4/16	朝刊	オピニオン１
バスケット・ＮＢＬ　１５日 	2016/4/16	朝刊	スポーツ２
五輪選考ってムズカシイ　競泳、０秒３０届かず北島落選　マラソン、福士めぐって物議 	2016/4/16	朝刊	スポーツ２
山口が準決勝へ　バドミントンのシンガポール・オープン 	2016/4/16	朝刊	スポーツ２
川崎・森本、復帰まで４カ月　サッカー 	2016/4/16	朝刊	スポーツ２
神宮球場借用めぐり会合　東京五輪組織委 	2016/4/16	朝刊	スポーツ２
連勝、勢い増す柏　柏１—０ガ大阪　サッカーＪ１ 	2016/4/16	朝刊	スポーツ２
＜お知らせ＞全日本柔道選手権 	2016/4/16	朝刊	スポーツ２
広島、１点守った　広島１—０新潟　サッカーＪ１ 	2016/4/16	朝刊	スポーツ２
サッカーくじ・第８３７回ｔｏｔｏ結果 	2016/4/16	朝刊	スポーツ２
初戦、湿度とも戦う　サッカー五輪、タフなＢ組 	2016/4/16	朝刊	スポーツ２
田児・桃田両選手の助成金、ＪＳＣ「返還を検討」 	2016/4/16	朝刊	スポーツ２
（枠順と予想）皐月賞　競馬 	2016/4/16	朝刊	スポーツ２
１５日の勝敗　サッカーＪ１ 	2016/4/16	朝刊	スポーツ２
レアル×マンＣ、バイエルン×アトレチコ　サッカー・欧州ＣＬ準決勝 	2016/4/16	朝刊	スポーツ２
ドルト４強ならず　サッカー・欧州リーグ 	2016/4/16	朝刊	スポーツ２
奮い立つ内川、決勝３ラン　ソフトバンク３—２楽天　プロ野球 	2016/4/16	朝刊	スポーツ１
高校５件を処分　日本学生野球協会 	2016/4/16	朝刊	スポーツ１
５年目のチャンス、初打点　日本ハム・松本剛　日本ハム１３—３ロッテ　プロ野球 	2016/4/16	朝刊	スポーツ１
１５日の結果と順位表　プロ野球セ・リーグ 	2016/4/16	朝刊	スポーツ１
菊池６失点ＫＯ　オリックス７—４西武　プロ野球 	2016/4/16	朝刊	スポーツ１
野球・大リーグ　１４日 	2016/4/16	朝刊	スポーツ１
１５日の結果と順位表　プロ野球パ・リーグ 	2016/4/16	朝刊	スポーツ１
中日序盤に６点　中日６—０阪神　プロ野球 	2016/4/16	朝刊	スポーツ１
中日・大野が登録抹消　プロ野球 	2016/4/16	朝刊	スポーツ１
（あの夏）帝京×仙台育英：１０　両雄、たどりついた決勝　高校野球 	2016/4/16	朝刊	スポーツ１
関西六大学野球（１５日） 	2016/4/16	朝刊	スポーツ１
宮里藍と野村が２６位　米女子ゴルフ 	2016/4/16	朝刊	スポーツ３
（聖火は照らす）五輪のためなら我慢？　稲垣康介 	2016/4/16	朝刊	スポーツ３
きょうのスポーツ 	2016/4/16	朝刊	スポーツ３
走り切った野口、頂点もどん底も　晴れやかに引退　マラソン 	2016/4/16	朝刊	スポーツ３
女子ゴルフ中止、選手不安な一夜　スポーツ界、被災者支援へ　熊本地震 	2016/4/16	朝刊	スポーツ３
金が単独首位　ゴルフ・東建ホームメイトカップ　１５日 	2016/4/16	朝刊	スポーツ３
（いま子どもたちは）あのころ：３　東京の空、まだ広かった 	2016/4/16	朝刊	教育１
ニュースでＱ 	2016/4/16	朝刊	教育１
建築、古民家改修で学ぶ　大工が学生指導、貴重な現場体験 	2016/4/16	朝刊	教育１
博報賞の推薦受け付け 	2016/4/16	朝刊	教育１
来週の朝日小学生新聞 	2016/4/16	朝刊	教育１
ＮＨＫ人事（２５日付） 	2016/4/16	朝刊	３社会
クレディ・スイス証券、証券監視委が処分勧告 	2016/4/16	朝刊	３社会
第１５６回ロト７（１５日） 	2016/4/16	朝刊	３社会
箱根・大涌谷、観光一部再開へ　ロープウェイ許可・「黒たまご」も製造 	2016/4/16	朝刊	３社会
安保法廃止訴訟、原告の敗訴確定　最高裁が上告棄却 	2016/4/16	朝刊	３社会
ディノス・セシールに賠償命令　東京地裁 	2016/4/16	朝刊	３社会
ＧＷの予約、東北新幹線は７％増　北海道乗り入れ効果 	2016/4/16	朝刊	３社会
第４３８３回ナンバーズ（１５日） 	2016/4/16	朝刊	３社会
ＣＭ好感度、ＫＤＤＩが連続首位 	2016/4/16	朝刊	３社会
毎週金曜、安保法反対訴える　高校生グループ、国会前抗議へ 	2016/4/16	朝刊	３社会
結核集団感染、東大が謝罪 	2016/4/16	朝刊	３社会
配布額決定に関与か　田母神容疑者、側近男性の分 	2016/4/16	朝刊	３社会
「警官の排除で負傷」告訴　ヘイトデモ抗議中 	2016/4/16	朝刊	３社会
転落死、３度目の起訴　殺人罪、捜査終える　川崎・老人ホーム 	2016/4/16	朝刊	３社会
ヘイト対策法案、修正求める　韓国民団 	2016/4/16	朝刊	３社会
福島県各地の放射線量（テキスト表示なし） 	2016/4/16	朝刊	３社会
三角哲生さん死去 	2016/4/16	朝刊	２社会
故上田正昭さんを偲ぶ会 	2016/4/16	朝刊	２社会
後藤田松子さん死去 	2016/4/16	朝刊	２社会
＜お知らせ＞熊本地震、救援金受け付けます 	2016/4/16	朝刊	２社会
無念、よか人やった　なんであそこだけ・いつも笑顔　熊本地震 	2016/4/16	朝刊	１社会
（天声人語）山岸章さん逝く 	2016/4/17	朝刊	１総合
熊本・大分、強震続発　死者４１人、９万人超避難　「本震」Ｍ７．３阪神級 	2016/4/17	朝刊	１総合
折々のことば：３７２　鷲田清一 	2016/4/17	朝刊	１総合
インデックス　４月１７日 	2016/4/17	朝刊	１総合
（しつもん！ドラえもん：２２２５）とけい編 	2016/4/17	朝刊	１総合
（時時刻刻）震源、広がる　「経験則、外れている」・回数も急増　熊本地震 	2016/4/17	朝刊	２総合
活断層、全国２０００以上　「未知の断層」で地震の例も 	2016/4/17	朝刊	３総合
阿蘇の小規模噴火「注視」　熊本地震 	2016/4/17	朝刊	３総合
避難者らの食料、３日分供給準備　政府、熊本地震受け 	2016/4/17	朝刊	３総合
川内原発、停止せず　政府「規制委が判断」　熊本地震 	2016/4/17	朝刊	３総合
（日曜に想う）お客様は神様か？　編集委員・大野博人 	2016/4/17	朝刊	３総合
衆院北海道５区補選、夏にらみ総力戦 	2016/4/17	朝刊	４総合
Ｇ２０、パナマ文書を意識　税逃れ防止対策の強化合意 	2016/4/17	朝刊	４総合
首相動静　１６日 	2016/4/17	朝刊	４総合
（政治断簡）民共の距離感、どう縮める？　世論調査部長・前田直人 	2016/4/17	朝刊	４総合
首相出演の番組、フジが放送休止　収録済みバラエティー 	2016/4/17	朝刊	４総合
「オバマ氏、広島訪問すべきだ」　ワシントン・ポスト社説 	2016/4/17	朝刊	１外報
法王、難民送還憂い島へ　「数ではない。みなが物語もつ人間」　１２人連れ帰る 	2016/4/17	朝刊	１外報
（２０１６米大統領選）舌戦、地元ＮＹに　民主２候補、火花散らす 	2016/4/17	朝刊	１外報
（北朝鮮を読む　ＫＣＩＡ秘録：６）権力闘争、主席の弟を粛清 	2016/4/17	朝刊	１外報
「独の風刺は侮辱」トルコ告訴　独世論は反発　メルケル氏苦渋、訴追判断「丸投げ」 	2016/4/17	朝刊	１外報
キューバ党大会、異例の１５年計画　革命世代引退にらみ？ 	2016/4/17	朝刊	１外報
（２０１６米大統領選）サンダース氏「法王と面会」 	2016/4/17	朝刊	１外報
（声）子の名前が書けないのは悲しい 	2016/4/17	朝刊	オピニオン２
（声）大地震、住民の助け合い重要 	2016/4/17	朝刊	オピニオン２
（声）安保法反対派は現実を直視して 	2016/4/17	朝刊	オピニオン２
（社説）Ｇ２０の課題　構造問題への対応こそ 	2016/4/17	朝刊	オピニオン２
（社説）九州の地震　拡大に最大の警戒を 	2016/4/17	朝刊	オピニオン２
（声）自民草案、平和守る決意がない 	2016/4/17	朝刊	オピニオン２
（声）反戦訴え続けた秋山ちえ子さん 	2016/4/17	朝刊	オピニオン２
「声」・「憲法特集」の投稿募ります 	2016/4/17	朝刊	オピニオン２
次世代へ 	2016/4/17	朝刊	オピニオン２
（フォーラム）中学校の部活動：１　活動時間 	2016/4/17	朝刊	オピニオン１
（売れてる本）『消滅世界』　村田沙耶香〈著〉 	2016/4/17	朝刊	読書１
週間ベスト１０ 	2016/4/17	朝刊	読書１
（ひもとく）認知症、共に生きる　語り合い、希望を持ち、備える　永田久美子 	2016/4/17	朝刊	読書１
（書評）『その姿の消し方』　堀江敏幸〈著〉 	2016/4/17	朝刊	読書２
（書評）『戦争の物理学』　バリー・パーカー〈著〉 	2016/4/17	朝刊	読書２
（書評）「スーザン・ソンタグの『ローリング・ストーン』インタヴュー」　ジョナサン・コット〈著〉 	2016/4/17	朝刊	読書２
（書評）『フィールドサイエンティスト　地域環境学という発想』　佐藤哲〈著〉 	2016/4/17	朝刊	読書２
福永信が薦める文庫この新刊！ 	2016/4/17	朝刊	読書２
（書評）『根源芸術家　良寛』　新関公子〈著〉 	2016/4/17	朝刊	読書３
（書評）『海を渡って』　鶴崎燃〈著〉 	2016/4/17	朝刊	読書３
（書評）『乱舞の中世　白拍子・乱拍子・猿楽』　沖本幸子〈著〉 	2016/4/17	朝刊	読書３
（舞台裏）もっと海外文学を！翻訳秘話も 	2016/4/17	朝刊	読書３
（書評）『吹けよ風　呼べよ嵐』　伊東潤〈著〉 	2016/4/17	朝刊	読書３
（文豪の朗読）室生犀星「抒情小曲集」　朝吹真理子が聴く 	2016/4/17	朝刊	読書３
（ビジネス）『ＩＧＰＩ流　ローカル企業復活のリアル・ノウハウ』　冨山和彦・経営共創基盤〈著〉 	2016/4/17	朝刊	読書４
（新書）小池昌代編著『恋愛詩集』ほか 	2016/4/17	朝刊	読書４
（コミック）『ＡＩの遺電子』（１）　山田胡瓜〈著〉 	2016/4/17	朝刊	読書４
オススメ　編集部から 	2016/4/17	朝刊	読書４
（悩んで読むか、読んで悩むか）人生の転機は最悪の形でやってくる　石田純一さん 	2016/4/17	朝刊	読書４
（著者に会いたい）『石ってふしぎ』　市川礼子さん 	2016/4/17	朝刊	読書４
サッカー・ＪＦＬ（１６日） 	2016/4/17	朝刊	スポーツ２
５得点、３７歳中村貢献　横浜マ５—１磐田　サッカーＪ１ 	2016/4/17	朝刊	スポーツ２
サッカーくじ・第８３８回ｔｏｔｏ結果 	2016/4/17	朝刊	スポーツ２
大久保、通算１６１Ｇ　川崎４—２ＦＣ東京　サッカーＪ１ 	2016/4/17	朝刊	スポーツ２
初先発、吹っ切れた永木　鹿島３—０湘南　サッカーＪ１ 	2016/4/17	朝刊	スポーツ２
バスケット・ＴＫｂｊリーグ　１６日 	2016/4/17	朝刊	スポーツ２
野村が１２位　米女子ゴルフ 	2016/4/17	朝刊	スポーツ２
サッカー・なでしこリーグ　１６日 	2016/4/17	朝刊	スポーツ２
１６日の記録　スポーツ 	2016/4/17	朝刊	スポーツ２
サッカーＪ３（１６日） 	2016/4/17	朝刊	スポーツ２
故郷・熊本へ届け　重永・永野２位　ゴルフ・東建ホームメイトカップ　１６日 	2016/4/17	朝刊	スポーツ２
サッカー・高円宮杯プレミアリーグ　１６日 	2016/4/17	朝刊	スポーツ２
サッカーＪ２　１６日 	2016/4/17	朝刊	スポーツ２
バスケット・ＮＢＬ　１６日 	2016/4/17	朝刊	スポーツ２
Ｋ・Ｌ・Ｍ　浦和トリオ、そろい踏みゴール　浦和３—１仙台　サッカーＪ１ 	2016/4/17	朝刊	スポーツ２
２００試合、家長節目のＧ　大宮１—１甲府　サッカーＪ１ 	2016/4/17	朝刊	スポーツ２
岩田は６３位に後退　米男子ゴルフ 	2016/4/17	朝刊	スポーツ２
１６日の勝敗と順位表　サッカーＪ１ 	2016/4/17	朝刊	スポーツ２
関東大学サッカー（１６日） 	2016/4/17	朝刊	スポーツ２
関西学生野球（１６日） 	2016/4/17	朝刊	スポーツ１
杉山、初サヨナラ打　中日４—３阪神　プロ野球 	2016/4/17	朝刊	スポーツ１
競馬・中山グランドジャンプ　１６日 	2016/4/17	朝刊	スポーツ１
競馬・ラジオ福島賞　１６日 	2016/4/17	朝刊	スポーツ１
競馬・アンタレスＳ　１６日 	2016/4/17	朝刊	スポーツ１
錦織は第２シード　テニスのバルセロナ・オープン 	2016/4/17	朝刊	スポーツ１
黒田が初黒星　巨人６—５広島　プロ野球 	2016/4/17	朝刊	スポーツ１
１６日の結果と順位表　プロ野球セ・リーグ 	2016/4/17	朝刊	スポーツ１
高橋礼、松友組が決勝へ　バドミントンのシンガポール・オープン 	2016/4/17	朝刊	スポーツ１
高橋、日本新で優勝　全日本競歩輪島大会 	2016/4/17	朝刊	スポーツ１
２競技会場決定　東京パラリンピック 	2016/4/17	朝刊	スポーツ１
野球・大リーグ　１５日 	2016/4/17	朝刊	スポーツ１
きょうのスポーツ 	2016/4/17	朝刊	スポーツ１
首都大学野球（１６日） 	2016/4/17	朝刊	スポーツ１
加藤、はつらつ初勝利　日本ハム８—２ロッテ　プロ野球 	2016/4/17	朝刊	スポーツ１
１６日の結果と順位表　プロ野球パ・リーグ 	2016/4/17	朝刊	スポーツ１
サトノダイヤモンド２．９倍　競馬Ｇ１・皐月賞、きょう発走 	2016/4/17	朝刊	スポーツ１
松井、五輪ならず　テコンドー 	2016/4/17	朝刊	スポーツ１
西武７—４オリックス　プロ野球 	2016/4/17	朝刊	スポーツ１
地震、試合続々中止　Ｊ２熊本、活動一時休止 	2016/4/17	朝刊	スポーツ１
明大・立大が先勝　東京六大学野球　１６日 	2016/4/17	朝刊	スポーツ１
ヤクルト４—０ＤｅＮＡ　プロ野球 	2016/4/17	朝刊	スポーツ１
（銀次の東北を熱く！）今年は選手会長、チーム引っ張る　プロ野球・楽天／東北・共通 	2016/4/17	朝刊	地東北・県版スポーツ
（エンジョイ）山形県スポーツ吹矢協会米沢上杉支部　呼吸がカギ、プッと吹き健康増進／東北・共通 	2016/4/17	朝刊	地東北・県版スポーツ
（楽天　ボールパークから）「負け試合」でもチーム成熟の糧に　プロ野球／東北・共通 	2016/4/17	朝刊	地東北・県版スポーツ
（いま子どもたちは）あのころ：４　校庭で見上げた五輪の航跡 	2016/4/17	朝刊	教育１
（ひらけ！進路・新路・針路）ヒトを作れ！　この感覚「仮想」超えリアル 	2016/4/17	朝刊	教育１
ニュースでＱ 	2016/4/17	朝刊	教育１
（科学の扉）ポリオ根絶へ正念場　ワクチンが効果、残り３国に 	2016/4/17	朝刊	科学の扉
（文化の扉）法隆寺、注目の謎　文化財の宝庫、調査本格化 	2016/4/17	朝刊	文化の扉
（しつもん！ドラえもん：２２２５）とけい編　こたえ 	2016/4/17	朝刊	文化の扉
（料理メモ）鶏のソテー　ユズコショウソース 	2016/4/17	朝刊	くらしの扉
（男のひといき）バス停の３人姉弟 	2016/4/17	朝刊	くらしの扉
（くらしの扉）クレジットの注意点　リボ払いの手数料も意識 	2016/4/17	朝刊	くらしの扉
日本語できぬ子、拠点校でカバー　専任教員増、提言へ　文科省有識者会議 	2016/4/17	朝刊	３社会
サミット応援曲、完成間近　平井堅さん 	2016/4/17	朝刊	３社会
日本への好感度、中国２７．８％ 	2016/4/17	朝刊	３社会
柏崎驍二さん死去 	2016/4/17	朝刊	３社会
義援金詐欺に注意　熊本地震 	2016/4/17	朝刊	３社会
義援金の募集、広がる　ボランティア受け入れ「困難」　熊本地震 	2016/4/17	朝刊	３社会
地震、九州の観光に打撃　宿泊キャンセル続出 	2016/4/17	朝刊	３社会
透析２１施設が被害　熊本地震 	2016/4/17	朝刊	３社会
有志の会「川内原発停止を」　熊本地震 	2016/4/17	朝刊	３社会
滞る物流、休業相次ぐ　ガソリンスタンド・コンビニ　熊本地震 	2016/4/17	朝刊	３社会
浅井俊裕さん死去 	2016/4/17	朝刊	３社会
各国から哀悼の言葉　熊本地震 	2016/4/17	朝刊	３社会
携帯電話、一部不通　熊本地震 	2016/4/17	朝刊	３社会
台湾からも支援の動き　熊本地震 	2016/4/17	朝刊	２社会
＜お知らせ＞熊本地震、救援金受け付けます 	2016/4/17	朝刊	２社会
揺れ、恐怖いつまで　学生アパート・民家、次々倒壊　熊本地震 	2016/4/17	朝刊	１社会
（天声人語）活断層の非情 	2016/4/18	朝刊	１総合
製造拠点、相次ぐ停止　トヨタ、全国の工場に波及　熊本地震 	2016/4/18	朝刊	１総合
熊本、１１万人避難　死者４２人・不明１０人前後　食料や水、行き渡らず 	2016/4/18	朝刊	１総合
折々のことば：３７３　鷲田清一 	2016/4/18	朝刊	１総合
インデックス　４月１８日 	2016/4/18	朝刊	１総合
（しつもん！ドラえもん：２２２６）とけい編 	2016/4/18	朝刊	１総合
素粒子 	2016/4/18	夕刊	１総合
震度１以上、５００回超　１４日以降　熊本地震 	2016/4/18	夕刊	１総合
読まれたファイブ　朝日新聞ＤＩＧＩＴＡＬ　１７日 	2016/4/18	夕刊	１総合
安否不明９人、捜索全力　南阿蘇、本震から７２時間迫る　熊本地震、死者４２人 	2016/4/18	夕刊	１総合
原油増産凍結、見送り　ＯＰＥＣやロシア　東証一時５９３円安 	2016/4/18	夕刊	１総合
（ひと）エバン・ウォルフソンさん　全米の同性婚合法化を導いた弁護士 	2016/4/18	朝刊	２総合
Ｍ３．５以上、最多１６５回　熊本地震 	2016/4/18	朝刊	２総合
（時時刻刻）物資、避難所に届かない　尽きる備蓄、長期化を危惧　熊本地震 	2016/4/18	朝刊	２総合
エクアドル、死者２７０人超　地震、住民多数なお下敷きか 	2016/4/18	夕刊	２総合
菅長官、明言避ける　熊本地震、増税判断への影響 	2016/4/18	夕刊	２総合
首相、補正編成含み　熊本地震 	2016/4/18	夕刊	２総合
（マダム・ツツミをたどって：１０）危なっかしく、颯爽と 	2016/4/18	夕刊	２総合
デジタル版から　朝日新聞ＤＩＧＩＴＡＬ 	2016/4/18	夕刊	２総合
内幕本で紛糾、西川氏が謝罪　ＴＰＰ委 	2016/4/18	夕刊	２総合
ルセフ氏弾劾、下院可決　職務停止１８０日、強まる　ブラジル 	2016/4/18	夕刊	２総合
工場復旧、余震で足踏み　自動車部品、供給に響く　熊本地震 	2016/4/18	朝刊	３総合
土砂崩れ、薄く広く　火山灰・雨も影響か　熊本地震 	2016/4/18	朝刊	３総合
熊本地震の震源、ひずみ集中帯と一致　京大防災研、ＧＰＳ分析 	2016/4/18	朝刊	３総合
（てんでんこ）防潮堤：１０　東京で 	2016/4/18	朝刊	３総合
震源、南西にも拡大　地震調査委、広がりに「備えを」 	2016/4/18	朝刊	３総合
（デジタル版から）イチオシ地域ニュース 	2016/4/18	朝刊	３総合
愛に自らを捧げる勇気、伝える　松山バレエ団「ロミオとジュリエット」 	2016/4/18	夕刊	文化芸能
菊池寛作品、落語で　春風亭小朝、初の試み 	2016/4/18	夕刊	文化芸能
ｆｏｒ　ｙｏｕｒ　Ｃｏｌｌｅｃｔｉｏｎ　国内ポピュラー 	2016/4/18	夕刊	文化芸能
「究極のことば」憲法を踊る　舞踏家・笠井叡が新作公演 	2016/4/18	夕刊	文化芸能
２人の女、対照的な愛　劇団唐組「秘密の花園」 	2016/4/18	夕刊	文化芸能
（評・音楽）ネビル・マリナー＆アカデミー室内管弦楽団　長年培ったホスピタリティー 	2016/4/18	夕刊	文化芸能
（評・音楽）ブライアン・ウィルソン　半世紀前の音世界、今も現役 	2016/4/18	夕刊	文化芸能
為替の認識、日米隔たり　Ｇ２０財務相会議 	2016/4/18	朝刊	４総合
（新市長・１７日）伊豆市 	2016/4/18	朝刊	４総合
（新市長・１７日）茂原市 	2016/4/18	朝刊	４総合
（新市長・１７日）日高市 	2016/4/18	朝刊	４総合
即応予備自衛官を招集へ　東日本大震災以来、最大３００人　熊本地震 	2016/4/18	朝刊	４総合
（新市長・１７日）西予市 	2016/4/18	朝刊	４総合
（新市長・１７日）坂戸市 	2016/4/18	朝刊	４総合
首相動静　１７日 	2016/4/18	朝刊	４総合
（新市長・１７日）美祢市 	2016/4/18	朝刊	４総合
（新市長・１７日）笠岡市 	2016/4/18	朝刊	４総合
（新市長・１７日）大東市 	2016/4/18	朝刊	４総合
北海道５区、池田氏・和田氏競り合う　京都３区、泉氏が優勢　衆院補選情勢調査 	2016/4/18	朝刊	４総合
（新市長・１７日）阿賀野市 	2016/4/18	朝刊	４総合
サミットここで　志摩観光ホテル公開 	2016/4/18	朝刊	４総合
（新市長・１７日）碧南市 	2016/4/18	朝刊	４総合
（新区長・１７日）目黒区 	2016/4/18	朝刊	４総合
原油増産、凍結を協議　産油国、ドーハで会合 	2016/4/18	朝刊	４総合
（新市長・１７日）魚津市 	2016/4/18	朝刊	４総合
米軍が物資輸送支援　オスプレイ熊本へ　政府受け入れ　熊本地震 	2016/4/18	朝刊	４総合
（凄腕つとめにん）中村賢二さん　格付けする牛の枝肉、年２万６千頭分 	2016/4/18	夕刊	夕刊ｂｅ月曜１面
（へぇな会社）ジー・ブーン　ニックネームで夢かなえよう 	2016/4/18	夕刊	夕刊ｂｅ月曜２面
（人生の贈りもの）わたしの半生　ジャーナリスト・評論家、立花隆：１１　７５歳 	2016/4/18	夕刊	夕刊ｂｅ月曜２面
（にっぽんの負担）税制の攻防　森林環境税、是非置き去り 	2016/4/18	朝刊	１経済
（証言そのとき）経営、真っ向勝負：３　米軍通じて国際感覚　生田正治さん 	2016/4/18	朝刊	１経済
（興流インド）ＩＴ頭脳：上　最先端産業の人材、米を席巻　同郷人脈、成功後押し 	2016/4/18	朝刊	２外報
（コラムニストの眼）トランプ氏発言　「米国第一主義」世界の火種　ロジャー・コーエン 	2016/4/18	朝刊	２外報
キューバ共産党、幹部選任６０歳上限案　若返りへ、８４歳ラウル氏提案 	2016/4/18	朝刊	１外報
複数の米有力紙、広島訪問を支持　「核なき世界へ、オバマ氏も」 	2016/4/18	朝刊	１外報
エクアドル地震、２３３人死亡　Ｍ７．８、非常事態宣言 	2016/4/18	朝刊	１外報
（北朝鮮を読む　ＫＣＩＡ秘録：７）世襲の重圧が生む、虚勢と粛清 	2016/4/18	朝刊	１外報
金大中氏帰国の内幕を公開　８０年代、米韓の外交文書 	2016/4/18	朝刊	１外報
（２０１６米大統領選）クルーズ氏が制す　ワイオミング 	2016/4/18	朝刊	１外報
ローマ法王「壁より橋を」　難民拒否に懸念 	2016/4/18	朝刊	１外報
（声）語りつぐ戦争　娘に焼死体を見せまいとした父 	2016/4/18	朝刊	オピニオン２
（声）語りつぐ戦争　耳元かすめたソ連兵の銃弾 	2016/4/18	朝刊	オピニオン２
（声）語りつぐ戦争　玉砕の間際、軍曹の機転で脱出 	2016/4/18	朝刊	オピニオン２
（声）語りつぐ戦争　日本兵の遺体、２カ月余も放置 	2016/4/18	朝刊	オピニオン２
（社説）保育園と住民　合意作りを丁寧に 	2016/4/18	朝刊	オピニオン２
（社説）公文書の管理　国民の資産生かすには 	2016/4/18	朝刊	オピニオン２
（声）語りつぐ戦争　私を守ってくれた洋車引きさん 	2016/4/18	朝刊	オピニオン２
田植えの頃 	2016/4/18	朝刊	オピニオン２
（フォーラム）われら中小企業　夢はかなった？ 	2016/4/18	朝刊	オピニオン１
佐藤は５位　インディカー・シリーズ 	2016/4/18	夕刊	スポーツ１
「人格教育、足りなかった」　バドミントン代表監督が謝罪 	2016/4/18	夕刊	スポーツ１
ルーマニア、出場を逃す　体操・五輪最終予選 	2016/4/18	夕刊	スポーツ１
決勝はチェコ対フランス　女子テニス 	2016/4/18	夕刊	スポーツ１
（Ｓｐｏｒｔｓだ〜れ？）ドジャースの日系人指揮官　大リーグ 	2016/4/18	夕刊	スポーツ１
（スコアの余白　番記者のつぶやき）明るく笑顔で、オコエ流　楽天担当・小俣勇貴 	2016/4/18	夕刊	スポーツ１
レスター同点、首位をキープ　サッカー・イングランド１部 	2016/4/18	夕刊	スポーツ１
田中、岩隈に投げ勝つ　野球・大リーグ　１７日 	2016/4/18	夕刊	スポーツ１
マフィ、後半途中出場　ラグビー・プレミアシップ 	2016/4/18	夕刊	スポーツ１
オスプレイ物資輸送へ　熊本地震 	2016/4/18	夕刊	２社会
蚊の採取調査、ジカ熱も対象 	2016/4/18	夕刊	２社会
おびえる子ども「また地震が来たらどうしよう」　学校再開めど立たず　熊本地震 	2016/4/18	夕刊	２社会
熊本の学力調査中止　文科省発表　熊本地震 	2016/4/18	夕刊	２社会
規制委、周辺の原発「異常なし」　熊本地震 	2016/4/18	夕刊	２社会
入国手続き、４７人スルー　台北からの乗客を国内線到着口へ誘導 	2016/4/18	夕刊	２社会
＜お知らせ＞熊本地震、救援金受け付けます 	2016/4/18	夕刊	２社会
アパートで火災、２遺体見つかる　千葉・船橋 	2016/4/18	夕刊	２社会
朝日俳壇 	2016/4/18	朝刊	歌壇俳壇
朝日歌壇 	2016/4/18	朝刊	歌壇俳壇
（短歌時評）「現代人」啄木の魅力　松村由利子 	2016/4/18	朝刊	歌壇俳壇
風信 	2016/4/18	朝刊	歌壇俳壇
駐車場、あふれる避難者　建物敬遠、町外からも　熊本地震 	2016/4/18	夕刊	１社会
九州道の跨道橋、支柱外れて崩落　熊本地震 	2016/4/18	夕刊	１社会
（各駅停話：６３１）東急田園都市線：１４　鷺沼　歓声の下、巨大な水がめ 	2016/4/18	夕刊	１社会
Ａｒｏｕｎｄ　Ｔｏｋｙｏ 	2016/4/18	夕刊	１社会
阿蘇市の避難所で７７歳女性死亡　トイレで倒れる　熊本地震 	2016/4/18	夕刊	１社会
鈴木、山田は五輪ならず　テコンドー 	2016/4/18	朝刊	スポーツ２
野村１５位、宮里藍は２０位　米女子ゴルフ 	2016/4/18	朝刊	スポーツ２
金庚泰がＶ　益城町出身・永野３位　ゴルフ・東建ホームメイトカップ　１７日 	2016/4/18	朝刊	スポーツ２
スポーツ界、支援の輪　柔道・山下さんやゴルフ・松山ら　熊本地震 	2016/4/18	朝刊	スポーツ２
荒井２位、リオ濃厚　内定の谷井Ｖ　陸上・日本選手権５０キロ競歩　１７日 	2016/4/18	朝刊	スポーツ２
１７日の記録　スポーツ 	2016/4/18	朝刊	スポーツ２
きょうのスポーツ 	2016/4/18	朝刊	スポーツ２
日本は初黒星　カーリング混合ダブルス世界選手権 	2016/4/18	朝刊	スポーツ２
園田、嘉村組は準優勝　バドミントンのシンガポール・オープン 	2016/4/18	朝刊	スポーツ２
競馬・難波Ｓ　１７日 	2016/4/18	朝刊	スポーツ２
山部Ｖ、初の五輪　女子７８キロ超級　柔道・全日本女子選手権 	2016/4/18	朝刊	スポーツ２
五郎丸は後半途中出場　スーパーラグビー 	2016/4/18	朝刊	スポーツ２
ディーマジェスティ優勝　８番人気　競馬Ｇ１・皐月賞　１７日 	2016/4/18	朝刊	スポーツ２
競馬・奥の細道特別　１７日 	2016/4/18	朝刊	スポーツ２
バスケット・ＴＫｂｊリーグ　１７日 	2016/4/18	朝刊	スポーツ１
バスケット・ＮＢＬ　１７日 	2016/4/18	朝刊	スポーツ１
サッカー・高円宮杯プレミアリーグ　１７日 	2016/4/18	朝刊	スポーツ１
雨で中止の大学野球（１７日） 	2016/4/18	朝刊	スポーツ１
ビシエド一振り　中日４—２阪神　プロ野球 	2016/4/18	朝刊	スポーツ１
サッカーＪ３（１７日） 	2016/4/18	朝刊	スポーツ１
西ようやく初勝利　オリックス５—２西武　プロ野球 	2016/4/18	朝刊	スポーツ１
関東大学サッカー（１７日） 	2016/4/18	朝刊	スポーツ１
広島・ルナを抹消　プロ野球 	2016/4/18	朝刊	スポーツ１
サッカーＪ２　１７日 	2016/4/18	朝刊	スポーツ１
「ナバーロ効果」　ロッテ５—３日本ハム　プロ野球 	2016/4/18	朝刊	スポーツ１
野球・大リーグ　１６日 	2016/4/18	朝刊	スポーツ１
オリックス・中島の登録を抹消　プロ野球 	2016/4/18	朝刊	スポーツ１
「初心」村田が決めた　巨人２—１広島　プロ野球 	2016/4/18	朝刊	スポーツ１
１７日の結果と順位表　プロ野球パ・リーグ 	2016/4/18	朝刊	スポーツ１
サッカー・ＪＦＬ（１７日） 	2016/4/18	朝刊	スポーツ１
サッカーくじ・第８３８回ｔｏｔｏ結果 	2016/4/18	朝刊	スポーツ１
１７日の結果と順位表　プロ野球セ・リーグ 	2016/4/18	朝刊	スポーツ１
暴風でＪリーグ２試合が中止　サッカー 	2016/4/18	朝刊	スポーツ１
中村サヨナラ打　ヤクルト５—４ＤｅＮＡ　プロ野球 	2016/4/18	朝刊	スポーツ１
同点＆サヨナラ、吉村連続弾　ソフトバンク９—７楽天　プロ野球 	2016/4/18	朝刊	スポーツ１
サッカー・なでしこリーグ　１７日 	2016/4/18	朝刊	スポーツ１
（料理メモ）マーボー豆腐 	2016/4/18	朝刊	生活１
（ひととき）５年前の彼から手紙 	2016/4/18	朝刊	生活１
（めっせーじ　えほん作家から）つつみあれいさん　自由な感性、そだてたい 	2016/4/18	朝刊	生活１
（患者を生きる：３０３３）ある日突然　家の中で骨折：１　階段、２段落ちただけで 	2016/4/18	朝刊	生活１
（効く絵本　たぬき書房）本日のお題：しごと人生、まようとき 	2016/4/18	朝刊	生活１
（ａｔ　ｗｏｒｋ）葬儀所：２　司会　打ち合わせ７割、厳粛に温かく 	2016/4/18	朝刊	生活２
フランチャイズ、「対等」名ばかり　本部へ多額の支払い・激しい「パワハラ」 	2016/4/18	朝刊	生活２
（今こそ竹中労）大衆の情念を揺さぶる「怨筆」 	2016/4/18	朝刊	文化文芸
（「猫」ガイド）表現めぐり、虚子と食い違い　石崎等 	2016/4/18	朝刊	文化文芸
校庭で、車中で、転々　やまぬ余震、避難先求めて　熊本地震 	2016/4/18	朝刊	２社会
国民年金保険料、損害状況に応じ免除　熊本地震 	2016/4/18	朝刊	２社会
海外出張問題に言及　舛添都知事 	2016/4/18	朝刊	２社会
死刑囚「別の殺人も関与」　遺体捜索へ　前橋・スナック乱射 	2016/4/18	朝刊	２社会
強風で転倒、２人死亡　石川・富山 	2016/4/18	朝刊	２社会
阿蘇の牛乳「泣く泣く廃棄」　道路寸断、集荷できず　熊本地震 	2016/4/18	朝刊	２社会
就寝時にタオル・汚れ拭く　ぜんそく・アトピー、悪化に注意　熊本地震 	2016/4/18	朝刊	２社会
＜お知らせ＞熊本地震、救援金受け付けます 	2016/4/18	朝刊	２社会
大切な人、捜し出したい　南阿蘇、土砂かき捜索「助かって」　熊本地震 	2016/4/18	朝刊	１社会
八代市庁舎封鎖　熊本地震 	2016/4/18	朝刊	１社会
児童扶養手当に救済策　熊本地震 	2016/4/18	朝刊	１社会