シネマの週末・この１本：スポットライト　世紀のスクープ　ペンで巨悪と戦った実話	2016/4/15	東京夕刊	12頁	総合面
キャンパる：新入生に贈るおすすめ本	2016/4/15	東京夕刊	6頁	総合面
シネマの週末・トピックス：オマールの壁	2016/4/15	東京夕刊	12頁	総合面
キャンパる：新年度学生記者募集	2016/4/15	東京夕刊	6頁	総合面
シネマの週末・トピックス：ハロルドが笑うその日まで	2016/4/15	東京夕刊	12頁	総合面
キャンパる・すたこら：多様な価値観に触れ	2016/4/15	東京夕刊	6頁	総合面
キャンパる・斬る：賭け事	2016/4/15	東京夕刊	6頁	総合面
まんたんプレス：「真田丸」大坂編、堺雅人さんに聞く　周辺動く異色の主人公	2016/4/15	東京夕刊	6頁	総合面
シネマの週末・トピックス：さざなみ	2016/4/15	東京夕刊	12頁	総合面
春の連続ドラマ：担当記者座談会／上　かっこいい福山、重層的ストーリー	2016/4/15	東京夕刊	4頁	総合面
シネマの週末・トピックス：グランドフィナーレ	2016/4/15	東京夕刊	12頁	総合面
キャンパる・編集部から：「保育園落ちた！」…	2016/4/15	東京夕刊	6頁	総合面
シネマの週末・チャートの裏側：野心的な作品に格	2016/4/15	東京夕刊	12頁	総合面
週刊テレビ評：記憶の中に生き続けるキャスターたち　「顔」が変わった今春に思う＝金平茂紀	2016/4/15	東京夕刊	4頁	総合面
あっぷろーど：毎日キレイ　朝ヨガでキレイ、上戸彩さん登場	2016/4/15	東京夕刊	6頁	総合面
シネマの週末・チャートの裏側：週末興行成績　４月９、１０日	2016/4/15	東京夕刊	12頁	総合面
ワイド視聴室：ライオン・ガード　ゆうしゃのでんせつ	2016/4/15	東京夕刊	4頁	総合面
視聴率：４月４〜１０日	2016/4/15	東京夕刊	4頁	総合面
丹下日出夫のズバッと：Ｇ１　中山１１Ｒ・皐月賞　（日曜競馬）	2016/4/15	東京夕刊	5頁	運動面
クリップ：セーラームーン展始まる	2016/4/15	東京夕刊	4頁	総合面
クリップ：ＡｂｅｍａＴＶ始動	2016/4/15	東京夕刊	4頁	総合面
特集ワイド：続報真相　推進法施行、トップランナー座談会　女性活躍、企業は変われますか？	2016/4/15	東京夕刊	2頁	芸能面
松沢一憲のＶライン：Ｇ１　２歳王者復権、リオンディーズ　（日曜競馬）	2016/4/15	東京夕刊	5頁	運動面
丹下日出夫のズバッと：阪神１１Ｒ・アンタレスＳ　（土曜競馬）	2016/4/15	東京夕刊	5頁	運動面
松沢一憲のＶライン：Ｖ濃厚、アスカノロマン　（土曜競馬）	2016/4/15	東京夕刊	5頁	運動面
結果それぞれ：１０日の福島１１Ｒ福島民報杯は…　（土曜競馬）	2016/4/15	東京夕刊	5頁	運動面
リオ五輪：サッカー男子　Ｂ組日本、１次突破へ最難関　ナイジェリア、コロンビア、スウェーデン	2016/4/15	東京夕刊	13頁	運動面
ダビンチ一族：１５世代離れも４０人　出身地イタリアで生存	2016/4/15	東京夕刊	11頁	国際面
熊本地震：夜徹し懸命の救助　娘助かった父涙　「神様、守ってくれた」	2016/4/15	東京夕刊	15頁	社会面
熊本地震：携帯に通信障害、無線ＬＡＮ開放	2016/4/15	東京夕刊	15頁	社会面
社告：熊本地震　被災者救援金受け付け	2016/4/15	東京夕刊	15頁	社会面
田母神俊雄容疑者：運動員買収　「俺が額上げてやった」　田母神容疑者が発言	2016/4/15	東京夕刊	15頁	社会面
サッカー：ＵＥＦＡ欧州リーグ　ドルトムント、準々決勝敗退	2016/4/15	東京夕刊	13頁	運動面
第８８回選抜高校野球：「負けろ」暴言謝罪　滋賀県議、校長に電話	2016/4/15	東京夕刊	15頁	社会面
ことば：レオナルド・ダビンチ	2016/4/15	東京夕刊	11頁	国際面
ＴＰＰ：審議見送り　与野党、熊本地震対応を優先	2016/4/15	東京夕刊	11頁	国際面
東京・新宿ゴールデン街火災：容疑者「金になるもの欲しくて侵入」	2016/4/15	東京夕刊	15頁	社会面
憂楽帳：一人にしない	2016/4/15	東京夕刊	15頁	社会面
温室効果ガス：排出３％減　福島原発事故後初めて　１４年度	2016/4/15	東京夕刊	11頁	国際面
サッカーマインド：他の競技との共存＝佐藤寿人	2016/4/15	東京夕刊	13頁	運動面
熊本地震：余震、いつ終わるか　一睡もできず一夜　避難所に着けない人も	2016/4/15	東京夕刊	14頁	社会面
熊本地震：海外メディアも被害状況を速報	2016/4/15	東京夕刊	11頁	国際面
外為・株式：東証　反落	2016/4/15	東京夕刊	11頁	国際面
皇室：両陛下、静岡への訪問を取りやめ	2016/4/15	東京夕刊	14頁	社会面
パリ・マラソン：６位小崎　育児と走り、４０歳の挑戦　東京五輪まで現役貫きたい	2016/4/15	東京夕刊	13頁	運動面
熊本地震：九州新幹線、終日運休に	2016/4/15	東京夕刊	14頁	社会面
北朝鮮：発射失敗か　韓国国防省指摘　初の移動式中距離弾	2016/4/15	東京夕刊	11頁	国際面
熊本地震：ＴＤＳ１５周年のセレモニー中止	2016/4/15	東京夕刊	14頁	社会面
囲碁：阿含・桐山杯第２３期全日本早碁オープン戦　坂口隆三九段−江村棋弘アマ　第１譜	2016/4/15	東京夕刊	14頁	社会面
将棋：第７４期名人戦順位戦　豊島将之七段−三浦弘行九段　第５譜	2016/4/15	東京夕刊	14頁	社会面
熊本地震：スポーツ界も影響　女子ゴルフが中止　バンテリンレディース	2016/4/15	東京夕刊	13頁	運動面
Ｇ２０：開幕　為替の急変動議論	2016/4/15	東京夕刊	11頁	国際面
熊本地震：スポーツ界も影響　社会人野球ＪＡＢＡ岡山大会　熊本市チーム、リーグ戦棄権	2016/4/15	東京夕刊	13頁	運動面
社告：子どもたちへ歌のエール　「森山良子　ｗｉｔｈ　ＦＲＩＥＮＤＳ」７月６日公演　渋谷でチャリティーコンサート	2016/4/15	東京夕刊	14頁	社会面
米大リーグ：レンジャーズ・ダル「すごく楽しめた」　右肘手術後初、フリー打撃登板	2016/4/15	東京夕刊	13頁	運動面
テニス：シャラポワ処分、ＩＴＦが聴聞会　ＷＡＤＡ勧告に従い	2016/4/15	東京夕刊	13頁	運動面
テニス：全仏オープン　錦織、ダニエルら予選免除	2016/4/15	東京夕刊	13頁	運動面
外交青書：南シナ海「重要な関心事」　中国の記述増加　１６年版	2016/4/15	東京夕刊	11頁	国際面
満月の泥枕：／８６＝道尾秀介　山本重也・画	2016/4/15	東京夕刊	13頁	運動面
トップニュース：１４日	2016/4/15	東京夕刊	11頁	国際面
熊本地震：大地の悲鳴	2016/4/15	東京夕刊	3頁	総合面
近事片々：７、６、５……	2016/4/15	東京夕刊	1頁	政治面
中国：成長率減速６．７％　１〜３月、７年ぶり低水準	2016/4/15	東京夕刊	1頁	政治面
熊本地震：死者９人　７８４人負傷、１．５万人避難	2016/4/15	東京夕刊	1頁	政治面
母と乳：第３部　生後のリスク／中　医療者の適切な介入を	2016/4/15	東京朝刊	15頁	家庭面
発信箱：現金悪玉論＝福本容子	2016/4/15	東京朝刊	10頁	内政面
みんなの広場：アベノミクスより財政再建＝無職・吉田貞雄・７１	2016/4/15	東京朝刊	10頁	内政面
みんなの広場：ＮＨＫ　政権の広報番組か＝無職・上田健・７３	2016/4/15	東京朝刊	10頁	内政面
くらしナビ・気象・防災：安否の伝言、ネットで届け	2016/4/15	東京朝刊	12頁	家庭面
みんなの広場：裁判傍聴し社会の見方変化＝高校生・岩井大輝・１５	2016/4/15	東京朝刊	10頁	内政面
みんなの広場：アフリカでホームステイ経験＝中学生・高橋英資・１４	2016/4/15	東京朝刊	10頁	内政面
投書デスクから：２万人近い死者・行方不明者を出した東日本大震災から…	2016/4/15	東京朝刊	10頁	内政面
お天気なるほドリ：東日本大震災の時は電話つながったの？＝回答・工藤昭久	2016/4/15	東京朝刊	12頁	家庭面
記者の目：栃木女児殺害　被告に有罪判決＝野口麗子（宇都宮支局）	2016/4/15	東京朝刊	10頁	内政面
ひまわりＥＹＥ：冬と春の間の雷	2016/4/15	東京朝刊	12頁	家庭面
女の気持ち：義妹の執念　盛岡市・匿名希望（パート・６１歳）	2016/4/15	東京朝刊	15頁	家庭面
論点：民主主義の核心とは　インタビュー　森政稔・東京大教授（政治思想）	2016/4/15	東京朝刊	11頁	解説面
食卓の一品：タイの早煮	2016/4/15	東京朝刊	15頁	家庭面
ＢＳ未来館：大人の歌謡をたっぷりと	2016/4/15	東京朝刊	21頁	芸能面
我らがパラダイス：／９４　八　まずやってみよう／２＝林真理子　横尾智子・画	2016/4/15	東京朝刊	15頁	家庭面
視聴室：新番組・私結婚できないんじゃなくて、しないんです 	2016/4/15	東京朝刊	28頁	芸能面
クローズアップ２０１６：韓国総選挙　与党大敗　日韓関係に懸念　慰安婦・安保協力に障害	2016/4/15	東京朝刊	3頁	三面
金言：核軍縮　象徴の地に＝西川恵	2016/4/15	東京朝刊	3頁	三面
質問なるほドリ：ゴルフ　リオ五輪にプロ出場？＝回答・熊田明裕	2016/4/15	東京朝刊	3頁	三面
仲畑流・万能川柳：難解な公式だけど美しい	2016/4/15	東京朝刊	3頁	三面
地震：熊本震度７　いきなり「ドンッ」	2016/4/15	東京朝刊	26頁	社会面
成年後見制度：専門職の不正最多　弁護士ら、財産着服など３７件	2016/4/15	東京朝刊	25頁	総合面
シベリア抑留：「終わらぬ戦後」シベリアに１１年　苦難、はがき５２通　帰国願い家族と交わす	2016/4/15	東京朝刊	26頁	社会面
シャープ：ロボホン、２１万３８４０円　来月発売	2016/4/15	東京朝刊	25頁	総合面
韓国総選挙：大統領選の構図変化　第２野党共同代表、存在感増す	2016/4/15	東京朝刊	9頁	国際面
韓国総選挙：大統領選の構図変化　第２野党共同代表、存在感増す　識者の話	2016/4/15	東京朝刊	9頁	国際面
シベリア抑留：「終わらぬ戦後」シベリアに１１年　苦難、はがき５２通　舞鶴引揚記念館・長嶺睦学芸員の話	2016/4/15	東京朝刊	26頁	社会面
自閉症：人工知能で判定　脳活動の特徴検出、専門医の診断と８５％一致	2016/4/15	東京朝刊	25頁	総合面
囲碁：井山７冠持ち越し　十段戦２勝１敗	2016/4/15	東京朝刊	26頁	社会面
エックス線天文衛星：ひとみトラブル、複数の要因調査　ＪＡＸＡ理事長	2016/4/15	東京朝刊	25頁	総合面
ＡＩＪ企業年金消失：前社長、実刑確定へ　上告棄却、懲役１５年	2016/4/15	東京朝刊	26頁	社会面
布施広の地球議：「原爆の図」に思う	2016/4/15	東京朝刊	8頁	国際面
社告：「毎日俳句大賞」作品を募集	2016/4/15	東京朝刊	25頁	総合面
南シナ海：米比軍、合同パトロール　中国を強くけん制	2016/4/15	東京朝刊	9頁	国際面
季語刻々：永き日やあくびうつして分れ行く	2016/4/15	東京朝刊	26頁	社会面
覚醒剤：元うたのお兄さん、所持容疑で現行犯逮捕	2016/4/15	東京朝刊	25頁	総合面
東日本大震災・大気中の環境放射線量：福島第１原発・正門周辺　１４日正午現在	2016/4/15	東京朝刊	26頁	社会面
南シナ海：台湾総統、太平島の領有権アピール	2016/4/15	東京朝刊	9頁	国際面
英国：国民投票、きょうから運動開始　ＥＵ離脱是非問う	2016/4/15	東京朝刊	9頁	国際面
トルコ首相補佐官：「対イスラエル正常化へ」	2016/4/15	東京朝刊	9頁	国際面
覚醒剤：元Ｃ—Ｃ—Ｂの田口容疑者、使用容疑で逮捕	2016/4/15	東京朝刊	25頁	総合面
プーチン露大統領：労働問題通じて実効支配を強調	2016/4/15	東京朝刊	9頁	国際面
川端康成文学賞：山田詠美さんに	2016/4/15	東京朝刊	25頁	総合面
当選番号：春爛漫くじ　第２３１５回東京都宝くじ　１４日	2016/4/15	東京朝刊	25頁	総合面
プロ野球：ヤクルト６−４巨人　優等生バレンティン	2016/4/15	東京朝刊	18頁	運動面
当選番号：春爛漫くじ　第２３７７回関東・中部・東北自治宝くじ　１４日	2016/4/15	東京朝刊	25頁	総合面
陸上：マラソン野口、引退　きょう表明　アテネ五輪「金」、日本記録保持	2016/4/15	東京朝刊	16頁	運動面
プロ野球：阪神５−２ＤｅＮＡ　トラ集中打	2016/4/15	東京朝刊	18頁	運動面
当選番号：第４３８２回ナンバーズ　１４日	2016/4/15	東京朝刊	25頁	総合面
がん大国白書：第１部　新薬の光と影／１０止　求められる費用適正化	2016/4/15	東京朝刊	2頁	二面
プロ野球：広島１０−１中日　丸、逆転２ラン	2016/4/15	東京朝刊	18頁	運動面
当選番号：第１０６２回ロト６　１４日	2016/4/15	東京朝刊	25頁	総合面
日露：きょう外相会談　北方領土、展望暗く	2016/4/15	東京朝刊	2頁	二面
プロ野球：巨人・長野、通算１００本塁打＝プロ野球２７６人目	2016/4/15	東京朝刊	18頁	運動面
リコール：ドア部品不具合、日産７２万台	2016/4/15	東京朝刊	25頁	総合面
リコール：排ガス漏れの恐れ、三菱自が１２万台	2016/4/15	東京朝刊	25頁	総合面
プロ野球：オリックス１−０日本ハム　オリ今季初連勝	2016/4/15	東京朝刊	18頁	運動面
リコール：突起でけがの恐れ、ダイハツが８万台	2016/4/15	東京朝刊	25頁	総合面
第６９回カンヌ国際映画祭：出品作決まる	2016/4/15	東京朝刊	25頁	総合面
プロ野球：ロッテ９−２楽天　涌井、無敗４勝目	2016/4/15	東京朝刊	18頁	運動面
論文盗用：筑波大の元准教授が不正	2016/4/15	東京朝刊	25頁	総合面
プロ野球：楽天・オコエ、２軍降格	2016/4/15	東京朝刊	18頁	運動面
リオ五輪：サッカー男子　日本Ｂ組、強豪ぞろい　ナイジェリア・コロンビア・スウェーデン	2016/4/15	東京朝刊	16頁	運動面
米大リーグ：マーリンズ・イチロー初先発	2016/4/15	東京朝刊	18頁	運動面
国民生活センター：業務、試験的移転	2016/4/15	東京朝刊	25頁	総合面
東都大学野球：春季リーグ　国学大１６安打	2016/4/15	東京朝刊	18頁	運動面
在日米軍再編：北部訓練場工事、反対派を指導へ　沖縄県	2016/4/15	東京朝刊	2頁	二面
社会人野球：ＪＡＢＡ岡山大会　１４日	2016/4/15	東京朝刊	18頁	運動面
いっしょに読もう！新聞コンクール：応募受け付け	2016/4/15	東京朝刊	25頁	総合面
リオ五輪：サッカー男子　日本Ｂ組、強豪ぞろい　日本、コロンビア、スウェーデン監督の話	2016/4/15	東京朝刊	16頁	運動面
リオ五輪：競泳　金藤が主将　日本女子初	2016/4/15	東京朝刊	18頁	運動面
リオ五輪：サッカー男子　日本Ｂ組、強豪ぞろい　ナイジェリア・シアシア監督の話	2016/4/15	東京朝刊	16頁	運動面
バスケットボール：ＮＢＡ　ウォリアーズ、最多記録７３勝	2016/4/15	東京朝刊	18頁	運動面
サッカー：なでしこ新監督、「４月中に議論」	2016/4/15	東京朝刊	16頁	運動面
バスケットボール：ＮＢＬ　１４日	2016/4/15	東京朝刊	18頁	運動面
日本サッカー協会：各種委員決まる	2016/4/15	東京朝刊	16頁	運動面
サッカー：欧州ＣＬ　準々決勝第２戦　１３日	2016/4/15	東京朝刊	16頁	運動面
競馬：皐月賞　マカヒキ３番	2016/4/15	東京朝刊	18頁	運動面
競馬：皐月賞　出走馬と枠順	2016/4/15	東京朝刊	18頁	運動面
競馬：ＪＲＡ「ＷＩＮ５（５重勝単勝式）」対象レース＝１７日	2016/4/15	東京朝刊	18頁	運動面
アントラージュ・支える人々：リオ五輪　第９部　アテネ世代からの伝言／３　米田功さん（日本体操協会理事）	2016/4/15	東京朝刊	18頁	運動面
卓球：リオ五輪アジア予選　１５歳・伊藤、女王破る	2016/4/15	東京朝刊	16頁	運動面
生乳自由化：反発強く　指定団体経由せずに補助金　自民・酪農家「需給調整できず」	2016/4/15	東京朝刊	7頁	経済面
卓球：リオ五輪アジア予選　石川、決勝敗れる	2016/4/15	東京朝刊	16頁	運動面
ラグビー：トップリーグ　サントリー監督に沢木氏	2016/4/15	東京朝刊	16頁	運動面
ゴルフ：東建ホームメイトカップ　池田１打差３位	2016/4/15	東京朝刊	18頁	運動面
クロネコヤマト：マーク原案発見	2016/4/15	東京朝刊	7頁	経済面
熊本地震：震度７　女子ゴルフ、バンテリン第１日中止	2016/4/15	東京朝刊	18頁	運動面
ゴルフ：ロッテ選手権　野村、４打差２３位	2016/4/15	東京朝刊	18頁	運動面
経済観測：あるちゃんこ屋の減収増益再建＝気仙沼ニッティング社長・御手洗瑞子	2016/4/15	東京朝刊	7頁	経済面
ＮＴＴドコモ：４年以上で割引　長期利用者向けに新料金	2016/4/15	東京朝刊	7頁	経済面
マツダ：生産ライン公開　ＣＸ—９、けん引役	2016/4/15	東京朝刊	7頁	経済面
熊本地震：震度７　「経験ない揺れ」　各地で火災、余震続く	2016/4/15	東京朝刊	27頁	社会面
社説：韓国与党敗北　日韓協調の継続を望む	2016/4/15	東京朝刊	5頁	内政面
社説：田母神容疑者　会計のずさんさに驚く	2016/4/15	東京朝刊	5頁	内政面
民進・共産：衆院選は温度差　同日なら、参院選共闘に影響も	2016/4/15	東京朝刊	5頁	内政面
中谷防衛相：北朝鮮中距離弾、配備報道に懸念	2016/4/15	東京朝刊	5頁	内政面
熊本地震：震度７　知事、自衛隊に災害派遣要請	2016/4/15	東京朝刊	27頁	社会面
熊本地震：震度７　ホンダ工場稼働停止　三菱電機、ブリヂストンも	2016/4/15	東京朝刊	6頁	経済面
東京電力：電力計工事の遅れ、８月まで続く見通し	2016/4/15	東京朝刊	7頁	経済面
セブン＆アイＨＤ：井阪社長人事承認へ　現社長が受け入れ　きょう指名委	2016/4/15	東京朝刊	6頁	経済面
熊本地震：震度７　ＤＭＡＴ派遣、厚労省が要請	2016/4/15	東京朝刊	27頁	社会面
２０１６参院選：ネットで候補選び　登録１万人、自民苦戦	2016/4/15	東京朝刊	5頁	内政面
改正地域再生法：成立　ふるさと納税、企業版　今夏、対象事業決定	2016/4/15	東京朝刊	6頁	経済面
熊本地震：震度７　災害用伝言、ダイヤル開設　ＮＴＴ西日本	2016/4/15	東京朝刊	27頁	社会面
東京ガス：電力契約４０万件目標　１６年度	2016/4/15	東京朝刊	7頁	経済面
連合：「民進と連携図る」　旧維新合流、表現格下げ	2016/4/15	東京朝刊	5頁	内政面
外為・株式：東証　終値５２９円高に	2016/4/15	東京朝刊	6頁	経済面
科学技術イノベーション総合戦略：素案　三次元地図情報蓄積	2016/4/15	東京朝刊	6頁	経済面
マンション発売戸数：２年連続減、コスト増響く　首都圏３万８０００戸　１５年度	2016/4/15	東京朝刊	7頁	経済面
東日本大震災：福島第１原発事故　首相、重いベストに「作業大変」　汚染水対策チームが表敬	2016/4/15	東京朝刊	5頁	内政面
経営評価：新指標、自治体活用目指す	2016/4/15	東京朝刊	6頁	経済面
ＪＡ全農：理事長、株式会社化を否定	2016/4/15	東京朝刊	6頁	経済面
ＧＤＰ：６００兆円へ自民が素案	2016/4/15	東京朝刊	5頁	内政面
ラガルド・ＩＭＦ専務理事：余力ある国へ景気対策訴え	2016/4/15	東京朝刊	6頁	経済面
ＴＰＰ：審議きょう再開	2016/4/15	東京朝刊	5頁	内政面
新社長：ロック・フィールド　岩田弘三氏	2016/4/15	東京朝刊	7頁	経済面
参院選：奈良選挙区　社民、民進現職推薦	2016/4/15	東京朝刊	5頁	内政面
田母神俊雄容疑者：運動員買収　リスト記載「会長指示３２０万円」　関与か	2016/4/15	東京朝刊	27頁	社会面
減税日本・おおさか維新：合流検討	2016/4/15	東京朝刊	5頁	内政面
読みトク！経済：サラリーマン１年生・なるほドリーマン君　ＴＰＰ、情報開示なぜ不十分？＝回答・秋本裕子、ワシントン清水憲司	2016/4/15	東京朝刊	6頁	経済面
新社長：スター・マイカ　水永政志氏	2016/4/15	東京朝刊	7頁	経済面
首相日々：１４日、１５日	2016/4/15	東京朝刊	5頁	内政面
オンワード樫山：ミャンマー産宝飾品ブランド展開へ	2016/4/15	東京朝刊	7頁	経済面
ひと：小原一真さん＝世界報道写真コンテスト「人物」部門１位	2016/4/15	東京朝刊	6頁	経済面
公選法違反：投票日書き込み、徳永氏起訴猶予　民進・参院議員	2016/4/15	東京朝刊	27頁	社会面
東レ：研究拠点増強	2016/4/15	東京朝刊	7頁	経済面
意識不明：校内でけんか、小４重体　掃除の時間、担任不在　東京・足立	2016/4/15	東京朝刊	27頁	社会面
余録：宇宙は１３８億年前のビッグバンで誕生したという説には…	2016/4/15	東京朝刊	1頁	政治面
韓国総選挙：与党敗北　１６年ぶり少数与党　慰安婦合意に影響も	2016/4/15	東京朝刊	1頁	政治面
熊本地震：震度７　各地の震度	2016/4/15	東京朝刊	1頁	政治面
訃報：大平透さん　８６歳＝声優	2016/4/15	東京朝刊	27頁	社会面
熊本地震：震度７　余震続く恐れ　気象庁	2016/4/15	東京朝刊	1頁	政治面
訃報：坂下俊男さん　９５歳＝元三菱重工業副社長	2016/4/15	東京朝刊	27頁	社会面
訃報：ペンギラン・ユソフさん　９４歳＝元ブルネイ首相、元駐日大使	2016/4/15	東京朝刊	27頁	社会面
雑記帳：昨年８月の「全国高校生そば打ち選手権大会（そば打ち甲子園）」で…	2016/4/15	東京朝刊	27頁	社会面
熊本地震：震度７　横ずれ断層、震源	2016/4/15	東京朝刊	2頁	二面
熊本地震：震度７　政府、官邸対策室設置	2016/4/15	東京朝刊	2頁	二面
難民問題：ヨルダンに３００万人　「ホスト国」悲鳴　「職失い、教育・医療負担大」	2016/4/15	東京朝刊	8頁	国際面
熊本地震：震度７　東日本大震災以来　２人死亡、１００人けが	2016/4/15	東京朝刊	1頁	政治面
ウクライナ：最高会議議長、新首相に承認	2016/4/15	東京朝刊	9頁	国際面
丹下日出夫のズバッと：Ｇ１　中山１１Ｒ・皐月賞　（日曜競馬）	2016/4/16	東京夕刊	5頁	運動面
松沢一憲のＶライン：Ｇ１　距離ベスト、リオンディーズ　（日曜競馬）	2016/4/16	東京夕刊	5頁	運動面
競馬ジャーニー：母がオークスで接戦の息子３頭が激突＝鈴木淑子　（日曜競馬）	2016/4/16	東京夕刊	5頁	運動面
満月の泥枕：／８７＝道尾秀介　山本重也・画	2016/4/16	東京夕刊	5頁	運動面
次代へのバトン：レジェンドインタビュー　自転車　新城幸也	2016/4/16	東京夕刊	4頁	運動面
ラグビー：スーパーラグビー　サンウルブズが９２失点で７連敗	2016/4/16	東京夕刊	4頁	運動面
ラグビー：スーパーラグビー　「彼らはひどい状態」　エディー監督、サンウルブズ酷評	2016/4/16	東京夕刊	4頁	運動面
熊本地震：悪夢、連夜の激震　もう嫌、住民疲弊（その１）	2016/4/16	東京夕刊	7頁	社会面
米大リーグ：カブス・川崎、３Ａに降格	2016/4/16	東京夕刊	4頁	運動面
熊本地震：原発異常なし	2016/4/16	東京夕刊	2頁	芸能面
社会人野球：ＪＡＢＡ日立市長杯　ホンダ熊本、棄権　地震で帰る	2016/4/16	東京夕刊	4頁	運動面
熊本地震：米軍の支援を受け入れ検討　防衛相が指示	2016/4/16	東京夕刊	2頁	芸能面
Ｇ２０：税逃れ阻止へ対抗措置　声明採択し閉幕	2016/4/16	東京夕刊	2頁	芸能面
社告：熊本地震　被災者救援金受け付け	2016/4/16	東京夕刊	7頁	社会面
ルー米財務長官：円高「無秩序じゃない」　日米、認識に差	2016/4/16	東京夕刊	2頁	芸能面
憂楽帳：汗血馬	2016/4/16	東京夕刊	7頁	社会面
北朝鮮：ミサイル発射　「強く非難」「明白な違反」　安保理声明	2016/4/16	東京夕刊	2頁	芸能面
熊本地震：悪夢、連夜の激震　もう嫌、住民疲弊（その２止）	2016/4/16	東京夕刊	6頁	社会面
トップニュース：１５日	2016/4/16	東京夕刊	2頁	芸能面
ＷＡＤＡ：検査所認定を正式取り消し	2016/4/16	東京夕刊	4頁	運動面
かすみがうらマラソン：いっしょに走ろう／下　痛みケア、実習の場	2016/4/16	東京夕刊	4頁	運動面
熊本地震：本震、前震の１６倍　「阪神」匹敵する規模	2016/4/16	東京夕刊	2頁	芸能面
熊本地震：自衛隊２万人態勢に	2016/4/16	東京夕刊	2頁	芸能面
ことば：茨城県立医療大学	2016/4/16	東京夕刊	4頁	運動面
熊本地震：横ずれ１．８メートル確認　布田川断層沿い７キロ　益城町	2016/4/16	東京夕刊	2頁	芸能面
囲碁：阿含・桐山杯第２３期全日本早碁オープン戦　坂口隆三九段−江村棋弘アマ　第２譜	2016/4/16	東京夕刊	4頁	運動面
熊本地震：今夜大雨の予報　土砂災害懸念　「早めの避難を」	2016/4/16	東京夕刊	6頁	社会面
将棋：第７４期名人戦順位戦　豊島将之七段−三浦弘行九段　第６譜	2016/4/16	東京夕刊	4頁	運動面
阿蘇山：小規模噴火　地震と関連のデータなし　気象庁	2016/4/16	東京夕刊	6頁	社会面
熊本地震：傷つく古里	2016/4/16	東京夕刊	3頁	総合面
熊本地震：北東へ拡大に、気象庁戸惑い	2016/4/16	東京夕刊	6頁	社会面
熊本地震：入院患者、他病院へ搬送へ　熊本市民病院	2016/4/16	東京夕刊	6頁	社会面
熊本地震：プロ野球やＪ１、相次いで中止に	2016/4/16	東京夕刊	6頁	社会面
近事片々：止まれ、と天にも地にも叫びたい…	2016/4/16	東京夕刊	1頁	政治面
熊本地震：３地域で同時多発的	2016/4/16	東京夕刊	1頁	政治面
熊本地震：Ｍ７．３「本震」　未明６強、１９人死亡　阿蘇、大分でも続発	2016/4/16	東京夕刊	1頁	政治面
長部日出雄の映画と私の昭和：「楢山節考」（日本・１９５８年）	2016/4/16	東京朝刊	15頁	文化面
Ｔｏｐｉｃｓ：「縁結び」「シジミ」「松江城」…島根の魅力とは	2016/4/16	東京朝刊	15頁	文化面
母と乳：第３部　生後のリスク／下　「お母さんは寝ないもの」	2016/4/16	東京朝刊	19頁	家庭面
危機の真相：パナマ文書　人はなぜ税金を払うのか＝浜矩子	2016/4/16	東京朝刊	11頁	内政面
荒俣宏の毎日コレ検索：東京日日新聞創刊　明治六年改暦のマジック？	2016/4/16	東京朝刊	14頁	文化面
女の気持ち：夫のひとこと　浜松市・別所綾子（予備校職員・３９歳）	2016/4/16	東京朝刊	19頁	家庭面
新・コンサートを読む：プレガルディエンとゲースの“水車屋の娘”＝梅津時比古	2016/4/16	東京朝刊	14頁	文化面
みんなの広場：震度７の大地震を経験して＝高校生・稲岡会連・１８	2016/4/16	東京朝刊	11頁	内政面
食卓の一品：手羽元とニンニクの煮物	2016/4/16	東京朝刊	19頁	家庭面
みんなの広場：幸せな自分に全く気づかず＝大学生・磯山友希・２０	2016/4/16	東京朝刊	11頁	内政面
みんなの広場：米大統領、被爆者の声聞いて＝会社員・矢吹正道・４８	2016/4/16	東京朝刊	11頁	内政面
みんなの広場：「隔離の傷痕」読み思い出し＝主婦・柳原欣子・７７	2016/4/16	東京朝刊	11頁	内政面
我らがパラダイス：／９５　八　まずやってみよう／３＝林真理子　横尾智子・画	2016/4/16	東京朝刊	19頁	家庭面
メディア時評：ニュースの８要素　充実の紙面＝前泊博盛・沖縄国際大教授（基地経済論）	2016/4/16	東京朝刊	11頁	内政面
視聴室：新番組・お迎えデス。	2016/4/16	東京朝刊	30頁	芸能面
知る見るＢＳ：激戦区の午後１０時台報道番組	2016/4/16	東京朝刊	13頁	芸能面
社説：熊本地震　活断層が動く恐ろしさ	2016/4/16	東京朝刊	5頁	内政面
熊本地震：爪痕、深く	2016/4/16	東京朝刊	4頁	特集面
マラソン：野口「走り切れた」　引退会見	2016/4/16	東京朝刊	21頁	運動面
社説：次期国連総長　大国に物言える人物を	2016/4/16	東京朝刊	5頁	内政面
マラソン：野口「走り切れた」　引退会見　高橋尚子さんの話	2016/4/16	東京朝刊	21頁	運動面
ＴＰＰ：審議日程厳しく　熊本地震対応、会期小幅延長論も	2016/4/16	東京朝刊	5頁	内政面
熊本地震：車部品供給に支障　トヨタ系工場停止　九州以外にも影響拡大	2016/4/16	東京朝刊	7頁	経済面
プロ野球：ソフトバンク３−２楽天　被災者思い、５連勝	2016/4/16	東京朝刊	21頁	運動面
セブン＆アイＨＤ：井阪社長を承認　鈴木氏側近が副社長　指名委	2016/4/16	東京朝刊	7頁	経済面
アントラージュ・支える人々：リオ五輪　第９部　アテネ世代からの伝言／４　塚原直也さん（朝日生命総監督）	2016/4/16	東京朝刊	20頁	運動面
民進党：憲法見解先送り、夏以降に　参院選への影響懸念	2016/4/16	東京朝刊	5頁	内政面
プロ野球：楽天・今江を登録抹消	2016/4/16	東京朝刊	21頁	運動面
東芝・富士通・バイオ：パソコン統合、決裂危機　成長戦略描けず	2016/4/16	東京朝刊	7頁	経済面
プロ野球：日本ハム１３−３ロッテ　ハム連敗止める	2016/4/16	東京朝刊	21頁	運動面
衆院選：北海道５区補選　合同演説、民進は慎重	2016/4/16	東京朝刊	5頁	内政面
スマホ：ａｕ「実質０円」　総務省口頭注意	2016/4/16	東京朝刊	7頁	経済面
リオ五輪：サッカー男子　日本Ｂ組、初戦の出来がカギ	2016/4/16	東京朝刊	20頁	運動面
熊本地震：避難生活、どう体調管理…？　屈伸で血栓予防／まめに手洗い	2016/4/16	東京朝刊	26頁	総合面
衆院選挙制度改革：自公と民進、関連法案を提出	2016/4/16	東京朝刊	5頁	内政面
プロ野球：オリックス７−４西武　オリ最多１３安打	2016/4/16	東京朝刊	21頁	運動面
安倍首相：バラエティーでＰＲ？　補選期間でも…あすフジ　「メディアの役割」懸念も	2016/4/16	東京朝刊	26頁	総合面
在日米軍再編：辺野古移設　係争処理委、２２日に聴取	2016/4/16	東京朝刊	5頁	内政面
生保協：会長に根岸氏	2016/4/16	東京朝刊	7頁	経済面
東芝：リストラ対象１万４４５０人	2016/4/16	東京朝刊	7頁	経済面
プロ野球：オリックス７−４西武　オリックス・福良監督の話	2016/4/16	東京朝刊	21頁	運動面
次期衆院選：広島３区に民進、塩村都議擁立へ　女性蔑視ヤジ問題で注目	2016/4/16	東京朝刊	26頁	総合面
日本ロジテック：新電力大手、破産	2016/4/16	東京朝刊	7頁	経済面
プロ野球：オリックス７−４西武　西武、中軸が停滞	2016/4/16	東京朝刊	21頁	運動面
警視庁渋谷署員の結核集団感染：東大、留置者死因届けず　解剖医ら７人も感染	2016/4/16	東京朝刊	26頁	総合面
熊本地震：業界として九電に協力　電事連会長	2016/4/16	東京朝刊	7頁	経済面
自民党：消費増税議論の懇談会、１９日開催	2016/4/16	東京朝刊	5頁	内政面
プロ野球：中日６−０阪神　ビシエド３ラン	2016/4/16	東京朝刊	21頁	運動面
民進党：ツイッターの不適切投稿を削除	2016/4/16	東京朝刊	5頁	内政面
箱根ロープウェイ：大涌谷まで開通へ　１年ぶり	2016/4/16	東京朝刊	26頁	総合面
熊本地震：プロ野球４会場で募金活動	2016/4/16	東京朝刊	21頁	運動面
エックス線天文衛星：ひとみ交信途絶原因、姿勢制御に誤作動か	2016/4/16	東京朝刊	26頁	総合面
サイバー対策改正法：成立	2016/4/16	東京朝刊	5頁	内政面
ゴルフ：東建ホームメイトカップ　金庚泰が単独首位	2016/4/16	東京朝刊	21頁	運動面
ルネサスエレクトロニクス：社長に呉氏の起用発表	2016/4/16	東京朝刊	7頁	経済面
川崎・老人ホーム３人転落死：３件目の殺人罪起訴	2016/4/16	東京朝刊	26頁	総合面
首相日々：１５日	2016/4/16	東京朝刊	5頁	内政面
連続放火殺人：山形・東京３人殺害事件　最高裁で弁論	2016/4/16	東京朝刊	26頁	総合面
時評・点描：「賭博」は犯罪なのか？＝玉木正之	2016/4/16	東京朝刊	21頁	運動面
神戸山口組：「指定暴力団」に	2016/4/16	東京朝刊	26頁	総合面
新社長：ウォーターダイレクト　萩尾陽平氏	2016/4/16	東京朝刊	7頁	経済面
経済観測：短期決戦の長期化＝東短リサーチ・チーフエコノミスト、加藤出	2016/4/16	東京朝刊	7頁	経済面
安保法：廃止訴え「門前払い」判決確定	2016/4/16	東京朝刊	26頁	総合面
熊本地震：男子ゴルフツアーが義援活動	2016/4/16	東京朝刊	21頁	運動面
バドミントン：選手賭博　ＪＳＣ、桃田らに助成金返還請求へ　１４年１０月以降対象	2016/4/16	東京朝刊	21頁	運動面
告訴：デモ警備の警察官を傷害容疑で	2016/4/16	東京朝刊	26頁	総合面
日露：平和条約交渉開始へ　外相合意　首脳会談後に	2016/4/16	東京朝刊	2頁	二面
椙山紡織：発火の恐れ、電気ストーブ１万台点検	2016/4/16	東京朝刊	26頁	総合面
熊本地震：ゴルフ　女子ツアー中止、安全確保を考慮	2016/4/16	東京朝刊	21頁	運動面
北朝鮮：中距離弾の発射失敗　技術力不足露呈　米韓指摘	2016/4/16	東京朝刊	8頁	国際面
証取監視委：エナリスへの２．５億円の課徴金勧告	2016/4/16	東京朝刊	26頁	総合面
ゴルフ：ＲＢＣヘリテージ　岩田、３６位発進	2016/4/16	東京朝刊	21頁	運動面
ゴルフ：ロッテ選手権　宮里藍が２６位浮上	2016/4/16	東京朝刊	21頁	運動面
証取監視委：クレディ・スイス証券への処分勧告	2016/4/16	東京朝刊	26頁	総合面
米大リーグ：１４日	2016/4/16	東京朝刊	21頁	運動面
社会人野球：ＪＡＢＡ日立市長杯　開幕	2016/4/16	東京朝刊	20頁	運動面
海自潜水艦：豪到着　「準同盟国」連携、中国けん制	2016/4/16	東京朝刊	8頁	国際面
中国：ＧＤＰ低水準　目標達成に躍起　減速緩和が焦点	2016/4/16	東京朝刊	2頁	二面
当選番号：第４３８３回ナンバーズ　１５日	2016/4/16	東京朝刊	26頁	総合面
プロ野球：中日・大野が登録抹消	2016/4/16	東京朝刊	21頁	運動面
北方領土：ロシア検察幹部、色丹住民聴取へ　実効支配誇示か	2016/4/16	東京朝刊	8頁	国際面
プロ野球：ソフトバンク・柳田、１６試合連続四球＝パ・リーグ新	2016/4/16	東京朝刊	21頁	運動面
熊本地震：家族、日常奪われ　優しい母、自慢の兄　「助けて早く」届かず	2016/4/16	東京朝刊	29頁	社会面
当選番号：第１５６回ロト７　１５日	2016/4/16	東京朝刊	26頁	総合面
ルー米財務長官：イラン中銀総裁と会談　経済関係改善へ布石	2016/4/16	東京朝刊	8頁	国際面
保育士：月給２％増、総活躍プラン明記へ　政府・与党	2016/4/16	東京朝刊	2頁	二面
訃報：山岸章さん　８６歳＝連合元会長	2016/4/16	東京朝刊	29頁	社会面
社会人野球：ＪＡＢＡ岡山大会　１５日	2016/4/16	東京朝刊	20頁	運動面
米国の選択：１６年大統領選　民主２氏、討論会で火花　大票田ＮＹ州予備選控え	2016/4/16	東京朝刊	8頁	国際面
米大統領選：反トランプデモ	2016/4/16	東京朝刊	8頁	国際面
質問なるほドリ：活断層の動き、把握できるの？＝回答・藤野基文	2016/4/16	東京朝刊	2頁	二面
訃報：三角哲生さん　８９歳＝元文部事務次官、二階堂学園理事長	2016/4/16	東京朝刊	29頁	社会面
訃報：後藤田松子さん　９２歳＝後藤田正晴元官房長官の妻	2016/4/16	東京朝刊	29頁	社会面
社会人野球：ＪＡＢＡ富山大会　１５日	2016/4/16	東京朝刊	20頁	運動面
しのぶ会：上田正昭さん＝３月１３日死去	2016/4/16	東京朝刊	29頁	社会面
台湾：次期政権、閣僚ら人事案	2016/4/16	東京朝刊	8頁	国際面
キューバ：「カストロ後」提示へ　共産党大会きょう開幕	2016/4/16	東京朝刊	8頁	国際面
雑記帳：福島第１原発事故で避難指示区域に取り残され…	2016/4/16	東京朝刊	29頁	社会面
日本学生野球協会：高校５件を処分	2016/4/16	東京朝刊	20頁	運動面
パナマ文書：スペイン産業相辞任　関与の報道	2016/4/16	東京朝刊	8頁	国際面
死体遺棄：群馬に知人の遺体埋める　埼玉の男、容疑で逮捕	2016/4/16	東京朝刊	29頁	社会面
２０年東京五輪・パラリンピック：神宮球場借用「期間が長い」	2016/4/16	東京朝刊	20頁	運動面
関西六大学野球：１５日	2016/4/16	東京朝刊	20頁	運動面
パナマ文書：「英首相辞任はない」　英エコノミスト誌元編集長に聞く	2016/4/16	東京朝刊	8頁	国際面
熊本地震：サッカーＪ１の２会場で募金活動	2016/4/16	東京朝刊	20頁	運動面
サッカー：ｔｏｔｏ・ＧＯＡＬ２　８３７回	2016/4/16	東京朝刊	20頁	運動面
熊本地震：屋外に避難し一夜　行政、準備不足指摘も	2016/4/16	東京朝刊	2頁	二面
熊本地震：政府、救援対策急ぐ　激甚災害指定へ	2016/4/16	東京朝刊	2頁	二面
競馬：皐月賞　出走馬と枠順	2016/4/16	東京朝刊	20頁	運動面
サッカー：欧州ＣＬ　準決勝組み合わせ　レアルＶＳマンＣ　ＡマドリーＶＳバイエルン	2016/4/16	東京朝刊	20頁	運動面
ＷＡＤＡ：メルドニウム「検出１マイクログラム以下」容認　陽性で資格停止、処分を解除	2016/4/16	東京朝刊	20頁	運動面
ＷＡＤＡ：メルドニウム「検出１マイクログラム以下」容認　重量挙げ、アンドレイ・リバコフの暫定資格停止処分を解除	2016/4/16	東京朝刊	20頁	運動面
租税回避：日本から６３兆円、ケイマン諸島へ　金融機関取引残高	2016/4/16	東京朝刊	6頁	経済面
サッカー：Ｊ１第１ステージ　柏、５戦負けなし	2016/4/16	東京朝刊	20頁	運動面
訃報：山岸章さん　８６歳＝連合の初代会長	2016/4/16	東京朝刊	1頁	政治面
クローズアップ２０１６：熊本地震　大規模な余震多発　「横ずれ断層」型　地下構造が複雑	2016/4/16	東京朝刊	3頁	三面
余録：「臘子鳥が天を覆って、西南より東北に飛んだ」…	2016/4/16	東京朝刊	1頁	政治面
熊本地震：疲労、不安、再び夜　先見えぬ避難生活　給水、携帯充電求め	2016/4/16	東京朝刊	28頁	社会面
Ｇ２０：税逃れ対策強化　受益者把握の枠組み作り	2016/4/16	東京朝刊	6頁	経済面
経済財政諮問会議：潜在需要喚起求める　Ｇ７に向け民間議員	2016/4/16	東京朝刊	6頁	経済面
熊本地震：日奈久断層帯が原因	2016/4/16	東京朝刊	1頁	政治面
熊本地震：知事「現場分かってない」　政府の「屋内避難」に反発	2016/4/16	東京朝刊	28頁	社会面
熊本地震：余震発生確率、６弱以上２０％	2016/4/16	東京朝刊	1頁	政治面
熊本地震：犠牲者、帯状に集中	2016/4/16	東京朝刊	1頁	政治面
Ｇ２０：財政出動を協議	2016/4/16	東京朝刊	6頁	経済面
熊本地震：支援のニーズ、見極めを　ボランティア・物資、焦らないで	2016/4/16	東京朝刊	28頁	社会面
産油国会合：あす開催　増産凍結、イランが鍵　価格安定策協議	2016/4/16	東京朝刊	6頁	経済面
中国：ＧＤＰ低水準　製造業不振、沈む地方　堅調都市部、政策頼み	2016/4/16	東京朝刊	6頁	経済面
熊本地震：東北から恩返し	2016/4/16	東京朝刊	28頁	社会面
仲畑流・万能川柳：病院の同意書中身怖すぎる	2016/4/16	東京朝刊	3頁	三面
熊本地震：福島からの避難、現地で安否確認　県職員を派遣	2016/4/16	東京朝刊	28頁	社会面
大手３行：海外金融機関の口座から手数料、一部導入	2016/4/16	東京朝刊	6頁	経済面
熊本地震：熊本は今夜大荒れ警戒	2016/4/16	東京朝刊	28頁	社会面
原子力規制庁：原発影響、即時公表へ　熊本地震で遅れ　立地周辺発生も	2016/4/16	東京朝刊	28頁	社会面
サッカー：Ｊ１第１ステージ　広島１−０新潟	2016/4/16	東京朝刊	20頁	運動面
長期金利：１０年物国債終値、過去最低を更新	2016/4/16	東京朝刊	6頁	経済面
土記：英国は「引き取り可」＝青野由利	2016/4/16	東京朝刊	3頁	三面
２０年東京五輪・パラリンピック：支援へ協議会始動	2016/4/16	東京朝刊	6頁	経済面
東日本大震災：津波予報過失、２審も認めず　岩手・陸前高田の原告敗訴	2016/4/16	東京朝刊	28頁	社会面
人事：ＮＨＫ	2016/4/16	東京朝刊	6頁	経済面
ＧＷ：混雑ピーク　下り２９日、上り５日	2016/4/16	東京朝刊	28頁	社会面
東日本大震災・大気中の環境放射線量：福島第１原発・正門周辺　１５日正午現在	2016/4/16	東京朝刊	28頁	社会面
季語刻々：菫はいつも菫らしくてときに雨	2016/4/16	東京朝刊	28頁	社会面
熊本地震：「倍額寄付」初日で目標額	2016/4/16	東京朝刊	28頁	社会面
熊本地震：「０００００ＪＡＰＡＮ」Ｗｉ−Ｆｉ無料	2016/4/16	東京朝刊	28頁	社会面
社告：被災者救援金受け付け	2016/4/16	東京朝刊	28頁	社会面
サッカー：Ｊ１第１ステージ　柏１−０ガ大阪　柏、５戦負けなし　攻めの守りが結実	2016/4/16	東京朝刊	20頁	運動面
熊本地震：避難依然７０００人　インフラ復旧長期化	2016/4/16	東京朝刊	1頁	政治面
今週の本棚・新刊：『生と死を巡って　未来を祀る　ふくしまを祀る』＝和合亮一・著	2016/4/17	東京朝刊	12頁	読者面
今週の本棚：斎藤環・評　『神話、狂気、哄笑』＝マルクス・ガブリエル、スラヴォイ・ジジェク著	2016/4/17	東京朝刊	13頁	読者面
さあこれからだ：／１２７　義足の少女、教えてくれた勇気＝鎌田實	2016/4/17	東京朝刊	17頁	家庭面
ＬＧＢＴ：半数「トイレにストレス」	2016/4/17	東京朝刊	17頁	家庭面
今週の本棚・本と人：『恋愛詩集』　編著者・小池昌代さん	2016/4/17	東京朝刊	13頁	読者面
女の気持ち：投稿１００編達成　千葉県東金市・橘正枝（８０歳・主婦）	2016/4/17	東京朝刊	17頁	家庭面
熊本地震：２１施設、透析不能に　医療体制に打撃　ネットで受け入れ要請	2016/4/17	東京朝刊	9頁	科学面
今週の本棚・新刊：『イラストで見る　昭和の消えた仕事図鑑』＝澤宮優・文、平野恵理子・イラスト	2016/4/17	東京朝刊	12頁	読者面
食卓の一品：タイごはん	2016/4/17	東京朝刊	17頁	家庭面
今週の本棚：昨日読んだ文庫＝石川真理子	2016/4/17	東京朝刊	13頁	読者面
熊本地震：受給者証なし、医療費を助成　厚労省	2016/4/17	東京朝刊	9頁	科学面
今週の本棚・新刊：『大学生が知っておきたい生活のなかの法律』＝細川幸一・著	2016/4/17	東京朝刊	12頁	読者面
今週の本棚・ＭＡＧＡＺＩＮＥ：『Ｒｉｋａ　Ｔａｎ　４月号』	2016/4/17	東京朝刊	13頁	読者面
今週の本棚：小島ゆかり・評　『焼野まで』＝村田喜代子・著	2016/4/17	東京朝刊	11頁	読者面
今週の本棚：伊東光晴・評　『時間かせぎの資本主義—いつまで危機を先送りできるか』＝ヴォルフガング・シュトレーク著	2016/4/17	東京朝刊	12頁	読者面
今週の本棚・今週の執筆者：柳下毅一郎さんほか	2016/4/17	東京朝刊	13頁	読者面
今週の本棚・新刊：『世界の名前』＝岩波書店辞典編集部・編	2016/4/17	東京朝刊	13頁	読者面
内視鏡手術：スマホで確認　カメラ設置、遠隔地医療活用期待　筑波大と光学機器会社開発	2016/4/17	東京朝刊	9頁	科学面
囲碁・将棋スペシャル：将棋　Ｂ級１組　三浦九段、１期でＡ級に復帰　正確無比な終盤力、健在	2016/4/17	東京朝刊	17頁	家庭面
今週の本棚・新刊：『フジテレビはなぜ凋落したのか』＝吉野嘉高・著	2016/4/17	東京朝刊	13頁	読者面
女性活躍：知恵絞る自治体　「イクボス」手引書／職員婚活支援	2016/4/17	東京朝刊	9頁	科学面
今週の本棚：三浦雅士・評　『僕の名はアラム』／『アルメニア人の歴史』	2016/4/17	東京朝刊	12頁	読者面
今週の本棚：佐藤優・評　『備中高梁におけるキリスト教会の成立—新島襄の伝道と新しい思想の受容』＝八木橋康広・著	2016/4/17	東京朝刊	11頁	読者面
耐性菌対策：行程表作成へ　アジアなど１２カ国	2016/4/17	東京朝刊	9頁	科学面
今週の本棚・ＣｏｖｅｒＤｅｓｉｇｎ：『年上の義務』	2016/4/17	東京朝刊	12頁	読者面
今週の本棚・この３冊：メキシコ　柳下毅一郎・選	2016/4/17	東京朝刊	11頁	読者面
くらしナビ・ライフスタイル：共働き　「ついで」下処理で時短夕食	2016/4/17	東京朝刊	22頁	家庭面
今週の本棚・情報：講談社出版文化賞決まる	2016/4/17	東京朝刊	12頁	読者面
ドクター元ちゃん・がんになる：患者の立場で現実知る＝金沢赤十字病院副院長・西村元一	2016/4/17	東京朝刊	9頁	科学面
シンポジウム：子どもたちの未来のためにできること　講演「子どもの虐待防止を考える」／パネルディスカッション	2016/4/17	東京朝刊	24頁	特集面
西村玲子の装い帳：春は天気に合わせて	2016/4/17	東京朝刊	22頁	家庭面
オレンジ自販機：笑顔と交換	2016/4/17	東京朝刊	22頁	家庭面
ミキハウス：プレママ、パパ講座定期開催	2016/4/17	東京朝刊	22頁	家庭面
我らがパラダイス：／９６　八　まずやってみよう／４＝林真理子　横尾智子・画	2016/4/17	東京朝刊	9頁	科学面
未来への手紙プロジェクト：かわいい双子の女の子へ（小寺真知子さん）	2016/4/17	東京朝刊	18頁	芸能面
社告：未来への手紙プロジェクト　赤ちゃんへの手紙を募集しています	2016/4/17	東京朝刊	18頁	芸能面
視聴室：新番組・日曜劇場　９９．９—刑事専門弁護士—	2016/4/17	東京朝刊	28頁	芸能面
時代の風：新しい社会人へ＝元総務相・増田寛也	2016/4/17	東京朝刊	2頁	二面
社説：熊本の被害拡大　容赦なき大自然の脅威	2016/4/17	東京朝刊	5頁	内政面
社説：日露交渉　首相訪露で動かせるか	2016/4/17	東京朝刊	5頁	内政面
みんなの広場：自衛隊の存在認める改憲を＝無職・三上信康・６７	2016/4/17	東京朝刊	5頁	内政面
みんなの広場：命を大切に柔軟に生きて＝無職・矢守岩雄・７６	2016/4/17	東京朝刊	5頁	内政面
みんなの広場：中学に入学し成長した１年＝中学生・石沢諒馬・１３	2016/4/17	東京朝刊	5頁	内政面
プロ野球：日本ハム８−２ロッテ　加藤初白星「いいっすね」	2016/4/17	東京朝刊	21頁	運動面
みんなの広場：Ｇ７首脳の被爆地訪問実現を＝無職・森隆政・６４	2016/4/17	東京朝刊	5頁	内政面
みんなの広場：ムヒカ氏から学ぶべきこと＝無職・道田道範・６６	2016/4/17	東京朝刊	5頁	内政面
みんなの広場：有権者に寄り添う公選法に＝栄養士・稲岡恭子・４７	2016/4/17	東京朝刊	5頁	内政面
みんなの広場：高価なランドセルに疑問＝主婦・山田晶子・６５	2016/4/17	東京朝刊	5頁	内政面
プロ野球：日本ハム８−２ロッテ　両監督の話	2016/4/17	東京朝刊	21頁	運動面
プロ野球：西武７−４オリックス　西武連敗止めた	2016/4/17	東京朝刊	21頁	運動面
ゴルフ：東建ホームメイトカップ　熊本出身２人２位　２７歳永野と重永	2016/4/17	東京朝刊	19頁	運動面
プロ野球：巨人６−５広島　巨人、打撃戦制す	2016/4/17	東京朝刊	21頁	運動面
熊本地震：地震活動の状況／写真特集（その１）	2016/4/17	東京朝刊	6頁	特集面
熊本地震：防災拠点、耐震化遅れ　役所や病院使えず	2016/4/17	東京朝刊	2頁	二面
プロ野球：ヤクルト４−０ＤｅＮＡ　ヤ投打かみ合う	2016/4/17	東京朝刊	21頁	運動面
プロ野球：中日４−３阪神　中日がサヨナラ	2016/4/17	東京朝刊	21頁	運動面
熊本地震：地震活動の状況／写真特集（その２止）	2016/4/17	東京朝刊	7頁	特集面
サッカー：Ｊ１第１ステージ　首位川崎、ＦＣ東京に逆転勝ち	2016/4/17	東京朝刊	20頁	運動面
プロ野球：中日４−３阪神　中日・谷繁監督の話	2016/4/17	東京朝刊	21頁	運動面
ことば：耐震率	2016/4/17	東京朝刊	2頁	二面
熊本地震：自衛隊２．５万人規模に	2016/4/17	東京朝刊	2頁	二面
プロ野球：中日４−３阪神　熊本出身の阪神・岩貞、「切り替え」好投	2016/4/17	東京朝刊	21頁	運動面
東京六大学野球：明大と立大先勝	2016/4/17	東京朝刊	21頁	運動面
首相日々：１６日	2016/4/17	東京朝刊	2頁	二面
熊本地震：男子ゴルフが獲得賞金の１０％を義援金に	2016/4/17	東京朝刊	19頁	運動面
首都大学野球：１６日	2016/4/17	東京朝刊	21頁	運動面
ゴルフ：ＲＢＣヘリテージ　岩田７３で６３位	2016/4/17	東京朝刊	19頁	運動面
関西学生野球：１６日	2016/4/17	東京朝刊	21頁	運動面
Ｇ２０：閉幕　日米、為替認識にズレ　税逃れ対策は一致	2016/4/17	東京朝刊	4頁	経済面
関西学生野球：立命大の東が無安打無得点試合	2016/4/17	東京朝刊	21頁	運動面
森元首相：首脳会談「来月６日」　日露巡り言及	2016/4/17	東京朝刊	4頁	経済面
ゴルフ：ロッテ選手権　野村は首位に７打差１２位に	2016/4/17	東京朝刊	19頁	運動面
米大リーグ：１５日	2016/4/17	東京朝刊	21頁	運動面
ＭＯＴＴＡＩＮＡＩキャンペーン：なくそう「食品ロス」　「おてらおやつクラブ」全国の３２３寺賛同　お供え物、必要な所へ宅配	2016/4/17	東京朝刊	10頁	特集面
サッカー：Ｊ１第１ステージ　川崎４−２ＦＣ東京　大久保２発、通算「１６１」に　川崎、無敗守る	2016/4/17	東京朝刊	20頁	運動面
ＭＯＴＴＡＩＮＡＩキャンペーン：公式サイト、見やすく一新	2016/4/17	東京朝刊	10頁	特集面
熊本地震：企業の生産、影響深刻　自動車関連など、工場再開できず	2016/4/17	東京朝刊	4頁	経済面
高校野球：春季大阪大会　ＰＬ学園コールド負け	2016/4/17	東京朝刊	21頁	運動面
熊本地震：おにぎりや毛布、企業が支援急ぐ	2016/4/17	東京朝刊	4頁	経済面
バスケットボール：ＮＢＬ　１６日	2016/4/17	東京朝刊	19頁	運動面
熊本地震：サポート情報　１６日現在	2016/4/17	東京朝刊	4頁	経済面
サッカー：Ｊ１第１ステージ　浦和３−１仙台　李・興梠・武藤、そろい踏み　浦和「理想型」で快勝	2016/4/17	東京朝刊	20頁	運動面
バスケットボール：ｂｊリーグ　１６日	2016/4/17	東京朝刊	19頁	運動面
ＭＯＴＴＡＩＮＡＩキャンペーン：としまえんキッズフリマも大盛況　東京・練馬	2016/4/17	東京朝刊	10頁	特集面
サッカー：Ｊ１第１ステージ　鹿島３−０湘南　古里・熊本へ届け　鹿島・植田、堅守光る　「絶対に勝つ」	2016/4/17	東京朝刊	20頁	運動面
ボクシング：日本ライト級タイトルマッチ１０回戦　１６日	2016/4/17	東京朝刊	19頁	運動面
ソフトボール：日本リーグ　１６日	2016/4/17	東京朝刊	21頁	運動面
熊本地震：「観客の安全最優先」　九州でプロ野球、Ｊ１中止	2016/4/17	東京朝刊	21頁	運動面
サッカー：Ｊ１第１ステージ　大宮１−１甲府	2016/4/17	東京朝刊	20頁	運動面
クローズアップ２０１６：熊本地震　３地域連鎖、被害拡大　「四国に影響懸念」	2016/4/17	東京朝刊	3頁	三面
熊本地震：九州でプロ野球、Ｊ１中止　中止となった主な試合	2016/4/17	東京朝刊	21頁	運動面
サッカー：Ｊ１第１ステージ　横浜マ５−１磐田	2016/4/17	東京朝刊	20頁	運動面
熊本地震：各国から支援表明　訪日客多く、高い関心	2016/4/17	東京朝刊	8頁	国際面
ラグビー：スーパーラグビー　サンウルブズ７連敗　７５点差の現実	2016/4/17	東京朝刊	19頁	運動面
サッカー：Ｊ２　第８節・１６日	2016/4/17	東京朝刊	20頁	運動面
柔道：全日本女子選手権　リオ五輪、最終チャンス　田知本愛、山部「つかむ」　女子７８キロ超級	2016/4/17	東京朝刊	19頁	運動面
熊本地震：米国、日本政府と緊密に連絡	2016/4/17	東京朝刊	8頁	国際面
社会人野球：ＪＡＢＡ日立市長杯　ＮＴＴ東２連勝	2016/4/17	東京朝刊	21頁	運動面
Ｇ２０：閉幕　新興国は慎重姿勢　税逃れ対策「事務増大」	2016/4/17	東京朝刊	8頁	国際面
質問なるほドリ：マグニチュードと震度の違いは？＝回答・酒造唯	2016/4/17	東京朝刊	3頁	三面
競歩：日本選手権　５０キロ、リオ五輪代表１枠へ決意	2016/4/17	東京朝刊	19頁	運動面
サッカー：ｍｉｎｉ・ｔｏｔｏ　８３８回・Ａ組	2016/4/17	東京朝刊	20頁	運動面
ローマ法王：ギリシャ・レスボス島訪問　シリア難民１２人連れ帰国へ	2016/4/17	東京朝刊	8頁	国際面
社会人野球：ＪＡＢＡ岡山大会　トヨタ３連勝	2016/4/17	東京朝刊	21頁	運動面
サッカー：ｔｏｔｏ・ＧＯＡＬ３　８３８回	2016/4/17	東京朝刊	20頁	運動面
競歩：男子１０キロで高橋が日本新	2016/4/17	東京朝刊	19頁	運動面
社会人野球：ＪＡＢＡ富山大会　１６日	2016/4/17	東京朝刊	21頁	運動面
仲畑流・万能川柳：機械を作る機械を作る	2016/4/17	東京朝刊	3頁	三面
北朝鮮ミサイル：「破滅的な失敗」米国防総省	2016/4/17	東京朝刊	8頁	国際面
サッカーくじ：中止分いずれも的中扱い	2016/4/17	東京朝刊	20頁	運動面
２０年東京パラリンピック：２会場を決定、都内と静岡に	2016/4/17	東京朝刊	19頁	運動面
第８７回都市対抗野球：１次予選　静岡　１６日	2016/4/17	東京朝刊	21頁	運動面
ベルギー同時テロ：欧州委、警備に「欠陥」　指摘放置、閣僚辞任	2016/4/17	東京朝刊	8頁	国際面
第８７回都市対抗野球：１次予選　愛知　１６日	2016/4/17	東京朝刊	21頁	運動面
第８７回都市対抗野球：１次予選　奈良　１６日	2016/4/17	東京朝刊	21頁	運動面
競馬：福島１１Ｒ	2016/4/17	東京朝刊	20頁	運動面
第８７回都市対抗野球：１次予選　京都　１６日	2016/4/17	東京朝刊	21頁	運動面
競馬：阪神１１Ｒ　アンタレスステークス＝オープンＧ３	2016/4/17	東京朝刊	20頁	運動面
第８７回都市対抗野球：１次予選　大阪・和歌山　１６日	2016/4/17	東京朝刊	21頁	運動面
第８７回都市対抗野球：１次予選　宮崎　１６日	2016/4/17	東京朝刊	21頁	運動面
競馬：中山１１Ｒ　中山グランドジャンプ＝オープンＧ１	2016/4/17	東京朝刊	20頁	運動面
関東大学アイスホッケー選手権：１６日	2016/4/17	東京朝刊	21頁	運動面
囲碁：第７１期本因坊戦挑戦者決定リーグ　張栩九段−余正麒七段　第２４局の１	2016/4/17	東京朝刊	8頁	国際面
自転車：全日本選手権　塚越、２種目制す	2016/4/17	東京朝刊	20頁	運動面
将棋：第７４期名人戦Ａ級順位戦　佐藤康光九段−渡辺明竜王　第４５局の１	2016/4/17	東京朝刊	8頁	国際面
アントラージュ・支える人々：リオ五輪　第９部　アテネ世代からの伝言／５　中野大輔さん（体操教室運営）	2016/4/17	東京朝刊	19頁	運動面
熊本地震：終わりない恐怖　学生宿舎で生き埋め　「我が子同然」家主が涙	2016/4/17	東京朝刊	27頁	社会面
こまおと：第１０９回職域団体対抗将棋大会のＳ級は…	2016/4/17	東京朝刊	8頁	国際面
着服：清水建設社員、１億４０００万円　下請けからリベート	2016/4/17	東京朝刊	27頁	社会面
余録：「この国には永遠のものがほとんどない」…	2016/4/17	東京朝刊	1頁	政治面
訃報：柏崎驍二さん　７４歳＝歌人	2016/4/17	東京朝刊	27頁	社会面
熊本地震：震源、阿蘇・大分へ　１４日の地震が誘発か	2016/4/17	東京朝刊	1頁	政治面
雑記帳：全国を代表するまんじゅうが一堂に会する…	2016/4/17	東京朝刊	27頁	社会面
熊本地震：本震、「布田川」震源の可能性	2016/4/17	東京朝刊	1頁	政治面
熊本地震：鹿児島・川内原発停止を　文化人ら要請文、九州電力に送付	2016/4/17	東京朝刊	26頁	社会面
かすみがうらマラソン：前夜祭　トップランナー、伴走に意気込み	2016/4/17	東京朝刊	26頁	社会面
熊本地震：２カ所の地震、一つと誤認識　気象庁が陳謝	2016/4/17	東京朝刊	26頁	社会面
阿蘇山：噴煙　警戒レベル維持	2016/4/17	東京朝刊	26頁	社会面
熊本地震：ボランティア自粛呼びかけ	2016/4/17	東京朝刊	26頁	社会面
新聞通信調査会世論調査：日本で行きたいのは「東京」「富士山」	2016/4/17	東京朝刊	26頁	社会面
フジテレビ：首相出演のバラエティー、放送中止	2016/4/17	東京朝刊	26頁	社会面
東日本大震災・大気中の環境放射線量：福島第１原発・正門周辺　１６日正午現在	2016/4/17	東京朝刊	26頁	社会面
季語刻々：近けれど菫摘む野やとまりがけ	2016/4/17	東京朝刊	26頁	社会面
社告：熊本地震　被災者救援金受け付け	2016/4/17	東京朝刊	26頁	社会面
熊本地震：爪痕に無情の雨　避難者９万人超、軒下や車中で一夜も	2016/4/17	東京朝刊	26頁	社会面
熊本地震：本震、死者４１人に　震源、阿蘇・大分へ　南阿蘇で７人不明情報	2016/4/17	東京朝刊	1頁	政治面
Ｔｏｐｉｃｓ：「『野ばら』１１１曲集」出版　ゲーテの詩に寄せた曲　バリトン歌手・土田悠平、埋もれた楽譜収集	2016/4/18	東京夕刊	8頁	総合面
歌舞伎：四月花形歌舞伎　菊之助が不気味さ＝評・小玉祥子	2016/4/18	東京夕刊	8頁	総合面
ザ・ワイルドワンズ：デビュー５０周年記念コンサート	2016/4/18	東京夕刊	8頁	総合面
桂文珍：文珍が選ぶ上方落語、吉本芸人が芝居に　東京・神保町花月	2016/4/18	東京夕刊	8頁	総合面
満月の泥枕：／８８＝道尾秀介　山本重也・画	2016/4/18	東京夕刊	8頁	総合面
特集ワイド：「解散のウソ」は許される？　「首相の専権事項」は永田町の常識というが…	2016/4/18	東京夕刊	2頁	総合面
ワールド・トレジャー：特派員が選ぶ私の世界遺産　ビール純粋令（ドイツ・ベルリン）　庶民の味を守り５００年	2016/4/18	東京夕刊	3頁	総合面
牧太郎の大きな声では言えないが…：「ガソリン代地球〇周」なら	2016/4/18	東京夕刊	2頁	総合面
アート小路：芹沢〓介（けいすけ）のいろは—金子量重コレクション　鮮やかな感覚の染め物	2016/4/18	東京夕刊	3頁	総合面
熊本地震：日常を取り戻したい　水やおむつ、受け入れ態勢徐々に	2016/4/18	東京夕刊	10頁	社会面
産油国会合：原油増産凍結ならず　イラン欠席にサウジ反発、物別れ	2016/4/18	東京夕刊	7頁	国際面
外為・株式：東証６００円近く下げ　ＮＹ原油急落３７ドル台	2016/4/18	東京夕刊	7頁	国際面
熊本地震：企業もサポート　「通れた道」地図公開　トヨタ・ホンダ、通行実績を表示	2016/4/18	東京夕刊	10頁	社会面
熊本地震：企業もサポート　ソフトバンク、気球で通信状況改善	2016/4/18	東京夕刊	10頁	社会面
デング・ジカ熱：東京都、防止へ蚊調査　公園など	2016/4/18	東京夕刊	10頁	社会面
熊本地震：怖い、まだ帰れない　県立大が避難所閉鎖	2016/4/18	東京夕刊	11頁	社会面
社告：熊本地震　被災者救援金受け付け	2016/4/18	東京夕刊	10頁	社会面
ブラジル：大統領弾劾、下院採択　職務停止は不可避	2016/4/18	東京夕刊	7頁	国際面
囲碁：阿含・桐山杯第２３期全日本早碁オープン戦　坂口隆三九段−江村棋弘アマ　第３譜	2016/4/18	東京夕刊	10頁	社会面
将棋：第７４期名人戦順位戦　豊島将之七段−三浦弘行九段　第７譜	2016/4/18	東京夕刊	10頁	社会面
エクアドル地震：死者２７２人に　６州非常事態宣言	2016/4/18	東京夕刊	7頁	国際面
米大リーグ：楽天の元エース初対決、ヤンキース・田中に軍配	2016/4/18	東京夕刊	9頁	運動面
ＴＰＰ：審議再開、野党反発　衆院特別委、首相「ＴＰＰも重要」	2016/4/18	東京夕刊	7頁	国際面
熊本地震：県立大が避難所閉鎖　地域に貢献して　室崎益輝・兵庫県立大防災教育研究センター長の話	2016/4/18	東京夕刊	11頁	社会面
トップニュース：１７日	2016/4/18	東京夕刊	7頁	国際面
人模様：異文化体験をコメディーに　緒方篤さん	2016/4/18	東京夕刊	7頁	国際面
米大リーグ：マーリンズ・イチロー打って、走ってよし　通算５００盗塁あと１	2016/4/18	東京夕刊	9頁	運動面
熊本地震：あす実施の学テ、熊本全域見送り	2016/4/18	東京夕刊	11頁	社会面
アーチェリー：女子五輪代表・永峰、ミキハウスに入社　「メダルが目標」	2016/4/18	東京夕刊	9頁	運動面
人模様：チェルノブイリ報告を全訳　進藤真人さん	2016/4/18	東京夕刊	7頁	国際面
ボストン・マラソン：君原さん「完走したい」　第１２０回大会に出場	2016/4/18	東京夕刊	9頁	運動面
ベルギー同時テロ：「みんなで連帯を」　追悼デモ	2016/4/18	東京夕刊	7頁	国際面
バドミントン：日本代表が帰国　賭博問題、朴監督「本当に残念」	2016/4/18	東京夕刊	9頁	運動面
熊本地震：オスプレイ使い救援物資搬送へ	2016/4/18	東京夕刊	11頁	社会面
バニラ・エア：入管経ずに４７人入国　リムジンバスがミス　成田空港	2016/4/18	東京夕刊	11頁	社会面
観動記：王者の獲物	2016/4/18	東京夕刊	9頁	運動面
英国：旅客機にドローン？衝突　けが人なし	2016/4/18	東京夕刊	11頁	社会面
Ｔｏｐｉｃｓ：展覧会「森村泰昌：自画像の美術史」　自他が行き交う面白さ　ゴッホら巨匠に扮した初の長編映像も	2016/4/18	東京夕刊	5頁	芸能面
憂楽帳：ゆふいん	2016/4/18	東京夕刊	11頁	社会面
近事片々：なお不明者…	2016/4/18	東京夕刊	1頁	政治面
熊本地震：原発情報発信、規制委員長が陳謝　「率直に反省」	2016/4/18	東京夕刊	1頁	政治面
熊本地震：震度１以上５３１回	2016/4/18	東京夕刊	1頁	政治面
Ｉｎｔｅｒｖｉｅｗ：柴田元幸（米文学者・翻訳家）　絶版の名作復刊、新訳も　村上春樹と「村上柴田翻訳堂」刊行開始	2016/4/18	東京夕刊	5頁	芸能面
熊本地震：首相、補正予算編成前向き　激甚災害指定「早期に」	2016/4/18	東京夕刊	1頁	政治面
水野梅暁写真集：日中文化交流に貢献の僧侶紹介	2016/4/18	東京夕刊	5頁	芸能面
クリップ：もよおし　阿佐ケ谷市民講座	2016/4/18	東京夕刊	5頁	芸能面
クリップ：展覧会　久松知子　新作展示ほか	2016/4/18	東京夕刊	5頁	芸能面
ブックマーク：沖縄の「いい暮らし」＝岸政彦（社会学者）	2016/4/18	東京夕刊	5頁	芸能面
熊本地震：不明者救出を祈り　発生７２時間迫る　依然１０万人避難	2016/4/18	東京夕刊	1頁	政治面
毎日俳壇：鷹羽狩行・選	2016/4/18	東京朝刊	9頁	文化面
毎日俳壇：小川軽舟・選	2016/4/18	東京朝刊	9頁	文化面
毎日俳壇：西村和子・選	2016/4/18	東京朝刊	9頁	文化面
毎日俳壇：大峯あきら・選	2016/4/18	東京朝刊	9頁	文化面
毎日歌壇：篠弘・選	2016/4/18	東京朝刊	9頁	文化面
毎日歌壇：伊藤一彦・選	2016/4/18	東京朝刊	9頁	文化面
毎日歌壇：米川千嘉子・選	2016/4/18	東京朝刊	9頁	文化面
毎日歌壇：加藤治郎・選	2016/4/18	東京朝刊	9頁	文化面
短歌月評：人間とは何か＝松村正直	2016/4/18	東京朝刊	9頁	文化面
詩歌の森へ：没後初、塚本邦雄展＝酒井佐忠	2016/4/18	東京朝刊	9頁	文化面
歌俳・新刊：大輪靖宏句集『海に立つ虹』ほか	2016/4/18	東京朝刊	9頁	文化面
囲碁：第７１期本因坊戦挑戦者決定リーグ　張栩九段−余正麒七段　第２４局の２	2016/4/18	東京朝刊	9頁	文化面
天元：日本棋院は今年度の取り組みとして…	2016/4/18	東京朝刊	9頁	文化面
将棋：第７４期名人戦Ａ級順位戦　佐藤康光九段−渡辺明竜王　第４５局の２	2016/4/18	東京朝刊	9頁	文化面
毎日かあさん：／６６２　迷子わんこ＝西原理恵子	2016/4/18	東京朝刊	10頁	文化面
くらしナビ・学ぶ：小中一貫教育制度化　「中１ギャップ」解消に期待	2016/4/18	東京朝刊	12頁	家庭面
社説：避難者の急増　長期化見すえた支援を	2016/4/18	東京朝刊	5頁	内政面
おんなのしんぶん・おかん飯：西原理恵子と枝元なほみ／うみゃーうみゃー編　今回の料理　揚げ豚	2016/4/18	東京朝刊	10頁	文化面
社説：薬物依存症　治療体制の整備を急げ	2016/4/18	東京朝刊	5頁	内政面
みんなの広場：９条守るため、権力に「ノー」＝主婦・黒田美智子・６８	2016/4/18	東京朝刊	5頁	内政面
みんなの広場：戦争のない世にするには＝農業・岩田康・６７	2016/4/18	東京朝刊	5頁	内政面
みんなの広場：落とし物が返ってくる日本＝塾経営・柴沼高志・５８	2016/4/18	東京朝刊	5頁	内政面
みんなの広場：意見を言える人になりたい＝高校生・松田野々夏・１７	2016/4/18	東京朝刊	5頁	内政面
おんなのしんぶん・ＭｙＷａｙ：わたしの生き方　いつでもスタートできる　モデル・女優　桐島かれんさん	2016/4/18	東京朝刊	11頁	文化面
みんなの広場：政治と自衛隊の援助に期待＝福祉団体役員・古野貞幸・７５	2016/4/18	東京朝刊	5頁	内政面
学校と私：奨学金のため必死に勉強＝東京都知事・舛添要一さん	2016/4/18	東京朝刊	12頁	家庭面
みんなの広場：原発再稼働、反対訴え続ける＝会社員・浜尾幸一・６７	2016/4/18	東京朝刊	5頁	内政面
みんなの広場：保育園開園、温かい視点持って＝塾役員・関口市朗・７６	2016/4/18	東京朝刊	5頁	内政面
みんなの広場：秋山ちえ子さんの誠意に感動＝主婦・矢口秀子・７５	2016/4/18	東京朝刊	5頁	内政面
おんなのしんぶん・鈴木おさむ：ただいま、父勉中。　背中スイッチ	2016/4/18	東京朝刊	10頁	文化面
読者の声：支え求める在宅介護者	2016/4/18	東京朝刊	5頁	内政面
悼む：元ＮＨＫアナウンサー・西田善夫さん＝２月２７日死去・８０歳	2016/4/18	東京朝刊	5頁	内政面
くらしナビ・スローらいふ：口腔ケアして大病防ぐ	2016/4/18	東京朝刊	17頁	家庭面
悼む：美術評論家・女子美術大教授　南嶌宏さん＝１月１０日死去・５８歳	2016/4/18	東京朝刊	5頁	内政面
記者ノート：罪深い神話	2016/4/18	東京朝刊	12頁	家庭面
身じまい練習帳：「ひとり終活」で死を考える	2016/4/18	東京朝刊	17頁	家庭面
我らがパラダイス：／９７　八　まずやってみよう／５＝林真理子　横尾智子・画	2016/4/18	東京朝刊	17頁	家庭面
はたらく：テレワーク、営業部門も活用	2016/4/18	東京朝刊	15頁	家庭面
放送人：ＢＳ朝日「世界の文学がわかる！　あらすじ名作劇場」（水曜午後１０時）プロデューサー・川岸才門さん	2016/4/18	東京朝刊	23頁	芸能面
人生相談：作家や音楽家目指し２０年。成功したい＝回答者・高橋源一郎	2016/4/18	東京朝刊	15頁	家庭面
女の気持ち：人生の春　東京都板橋区・小田和子（主婦・６５歳）	2016/4/18	東京朝刊	15頁	家庭面
食卓の一品：ニンジンとオレンジのサラダ	2016/4/18	東京朝刊	15頁	家庭面
年金質問箱：Ｑ　加入期間短くても年金もらえるか＝回答者・年金問題研究会代表　秋津和人	2016/4/18	東京朝刊	17頁	家庭面
けいざいフラッシュ：永野芽郁さん起用　アサヒ飲料	2016/4/18	東京朝刊	8頁	経済面
けいざいフラッシュ：新鮮なチューハイ　アサヒビール	2016/4/18	東京朝刊	8頁	経済面
けいざいフラッシュ：忙しい時はレンジで簡単に	2016/4/18	東京朝刊	8頁	経済面
けいざいフラッシュ：「遺贈」を支援　日本財団	2016/4/18	東京朝刊	8頁	経済面
けいざいフラッシュ：今年度事業計画発表　日本アドバタイザーズ協会	2016/4/18	東京朝刊	8頁	経済面
けいざいフラッシュ：「進研ゼミ＋」開講　ベネッセホールディングス	2016/4/18	東京朝刊	8頁	経済面
けいざいフラッシュ：東京・銀座にショールーム　ジェイテクト	2016/4/18	東京朝刊	8頁	経済面
トピック最前線：環境配慮マンション　周囲の生態系と共存	2016/4/18	東京朝刊	8頁	経済面
１００年カンパニーの知恵：資生堂（東京都）／下　さらにチャレンジを	2016/4/18	東京朝刊	8頁	経済面
毎日新聞１９４６：引き揚げ者、どう伝えた　多数の犠牲つかめず	2016/4/18	東京朝刊	6頁	解説面
パナマ文書報道：「最大リーク」分析、７６カ国の記者参加	2016/4/18	東京朝刊	6頁	解説面
ジャーナリズム批評：重要性増す連携＝山田健太	2016/4/18	東京朝刊	6頁	解説面
ＬＡＳＴＷＥＥＫ：先週の出来事　１０〜１６日	2016/4/18	東京朝刊	6頁	解説面
ＴＨＩＳＷＥＥＫ：今週の予定　１８〜２４日	2016/4/18	東京朝刊	6頁	解説面
社告：今週のおすすめ紙面　くらしナビ／オピニオン	2016/4/18	東京朝刊	6頁	解説面
風知草：ＴＰＰの漂流＝山田孝男	2016/4/18	東京朝刊	2頁	二面
熊本地震：断層跡生々しく　「日奈久」複数箇所に亀裂　本震で再度動いたか	2016/4/18	東京朝刊	2頁	二面
プロ野球：ヤクルト５−４ＤｅＮＡ　熊本出身・松岡、決意の白星	2016/4/18	東京朝刊	19頁	運動面
熊本地震：政府主導で生活支援　チーム設置、米軍空輸も受け入れ	2016/4/18	東京朝刊	2頁	二面
熊本地震：物資輸送にオスプレイ	2016/4/18	東京朝刊	2頁	二面
衆院選：北海道５区補選　与野党が横一線	2016/4/18	東京朝刊	2頁	二面
選挙：埼玉・坂戸市長選　石川氏が再選	2016/4/18	東京朝刊	2頁	二面
プロ野球：ヤクルト５−４ＤｅＮＡ　ヤクルト・真中監督の話	2016/4/18	東京朝刊	19頁	運動面
選挙：埼玉・日高市長選　谷ケ崎氏が無投票で再選	2016/4/18	東京朝刊	2頁	二面
プロ野球：中日４−２阪神　中日が３連勝	2016/4/18	東京朝刊	19頁	運動面
選挙：千葉・茂原市長選　田中氏が無投票で３選	2016/4/18	東京朝刊	2頁	二面
プロ野球：巨人２−１広島　愚直に村田、決勝打	2016/4/18	東京朝刊	19頁	運動面
選挙：東京・目黒区長選　青木氏が４選	2016/4/18	東京朝刊	2頁	二面
選挙：新潟・阿賀野市長選　田中氏が再選	2016/4/18	東京朝刊	2頁	二面
選挙：富山・魚津市長選　村椿氏が初当選	2016/4/18	東京朝刊	2頁	二面
プロ野球：ロッテ５−３日本ハム　ロッテ、延長制す	2016/4/18	東京朝刊	19頁	運動面
選挙：静岡・伊豆市長選　菊地氏が３選	2016/4/18	東京朝刊	2頁	二面
選挙：愛知・碧南市長選　禰宜田氏が無投票で３選	2016/4/18	東京朝刊	2頁	二面
プロ野球：オリックス５−２西武　オリックス・縞田、勝ち越し弾	2016/4/18	東京朝刊	19頁	運動面
選挙：大阪・大東市長選　東坂氏が再選	2016/4/18	東京朝刊	2頁	二面
選挙：岡山・笠岡市長選　小林氏が初当選	2016/4/18	東京朝刊	2頁	二面
プロ野球：ソフトバンク９−７楽天　タカ、逆転６連勝	2016/4/18	東京朝刊	19頁	運動面
選挙：山口・美祢市長選　西岡氏が初当選	2016/4/18	東京朝刊	2頁	二面
選挙：愛媛・西予市長選　管家氏が無投票で初当選	2016/4/18	東京朝刊	2頁	二面
プロ野球：ソフトバンク・柳田、１７試合連続四球＝パ・リーグ新	2016/4/18	東京朝刊	19頁	運動面
首相日々：１７日	2016/4/18	東京朝刊	2頁	二面
強風：４月最大風速、全国３６地点で更新	2016/4/18	東京朝刊	28頁	社会面
社会人野球：ＪＡＢＡ日立市長杯　日立など４強	2016/4/18	東京朝刊	19頁	運動面
クローズアップ２０１６：熊本地震　屋内恐れ車中泊　想定外の駐車場不足	2016/4/18	東京朝刊	3頁	三面
かすみがうらマラソン：１万８５６０人、快走	2016/4/18	東京朝刊	28頁	社会面
社会人野球：ＪＡＢＡ岡山大会　４強出そろう	2016/4/18	東京朝刊	19頁	運動面
アントラージュ・支える人々：リオ五輪　第９部　アテネ世代からの伝言／６止　水鳥寿思さん（日本体操協会男子強化本部長）	2016/4/18	東京朝刊	18頁	運動面
映画：「６４—ロクヨン—」ヒット祈願	2016/4/18	東京朝刊	28頁	社会面
核廃絶：広島の高校生、米で訴え	2016/4/18	東京朝刊	28頁	社会面
アイスホッケー：ＮＨＬ　プレーオフ　東カンファレンス、キャピタルズ連勝	2016/4/18	東京朝刊	18頁	運動面
第８７回都市対抗野球：１次予選　三重　１７日	2016/4/18	東京朝刊	19頁	運動面
産油国会合：ドーハで始まる　増産凍結の協議難航	2016/4/18	東京朝刊	3頁	三面
第８７回都市対抗野球：１次予選　奈良　１７日	2016/4/18	東京朝刊	19頁	運動面
認知症１１０番：今週は１８日と２１日	2016/4/18	東京朝刊	28頁	社会面
ソフトボール：日本リーグ　１７日	2016/4/18	東京朝刊	19頁	運動面
東日本大震災・大気中の環境放射線量：福島第１原発・正門周辺　１７日正午現在	2016/4/18	東京朝刊	28頁	社会面
季語刻々：さくら咲き満つ陸奥は身を反らす	2016/4/18	東京朝刊	28頁	社会面
関東大学アイスホッケー選手権：１７日	2016/4/18	東京朝刊	18頁	運動面
競馬：皐月賞　ディーマジェスティＶ	2016/4/18	東京朝刊	19頁	運動面
カーリング：世界選手権　混合ダブルス、日本白星発進	2016/4/18	東京朝刊	18頁	運動面
ＩＭＦＣ：政策の総動員で金融市場安定を　声明採択	2016/4/18	東京朝刊	3頁	三面
週刊漢字：読めますか？　（１）春宵（２）大禍時（３）暮れ泥む	2016/4/18	東京朝刊	28頁	社会面
自転車：全日本選手権　前田、スプリント８連覇	2016/4/18	東京朝刊	18頁	運動面
競歩：日本選手権　５０キロ　荒井２位、五輪確実　谷井優勝	2016/4/18	東京朝刊	18頁	運動面
熊本地震：友の死「早すぎる」　「飲もうって言ったのに」　犠牲の坂本さん、元同級生ら悼む	2016/4/18	東京朝刊	28頁	社会面
かすみがうらマラソン：男子、行場が初優勝　女子は田村	2016/4/18	東京朝刊	18頁	運動面
熊本地震：「熊本城修復に１０年」　事務所長見通し	2016/4/18	東京朝刊	28頁	社会面
柔道：全日本女子選手権　山部逆転、リオ切符　弱気払拭、本命降し　７８キロ超級	2016/4/18	東京朝刊	18頁	運動面
競馬：皐月賞　ディーマジェスティＶ　略歴	2016/4/18	東京朝刊	19頁	運動面
皇室：コンサート鑑賞、両陛下取りやめ	2016/4/18	東京朝刊	28頁	社会面
競馬：ＷＩＮ５　結果　１７日	2016/4/18	東京朝刊	19頁	運動面
競馬：福島１１Ｒ	2016/4/18	東京朝刊	19頁	運動面
競馬：阪神１１Ｒ	2016/4/18	東京朝刊	19頁	運動面
ゴルフ：東建ホームメイトカップ　金庚泰、底力Ｖ	2016/4/18	東京朝刊	18頁	運動面
サッカー：第８３８回トト当選結果	2016/4/18	東京朝刊	19頁	運動面
ゴルフ：東建ホームメイトカップ　３位・永野の話	2016/4/18	東京朝刊	18頁	運動面
ゴルフ：ロッテ選手権　野村１５位、宮里藍は２０位	2016/4/18	東京朝刊	18頁	運動面
ゴルフ：ＲＢＣヘリテージ　岩田は最終ラウンド進めず	2016/4/18	東京朝刊	18頁	運動面
サッカー：ｍｉｎｉ・ｔｏｔｏ　８３８回・Ｂ組	2016/4/18	東京朝刊	19頁	運動面
熊本地震：サポート情報　１７日現在	2016/4/18	東京朝刊	20頁	特集面
サッカー：第８３８回ビッグ当選結果	2016/4/18	東京朝刊	19頁	運動面
質問なるほドリ：避難所のトイレ、どうするの？＝回答・栗田慎一	2016/4/18	東京朝刊	20頁	特集面
サッカー：第８３８回１００円ビッグ当選結果	2016/4/18	東京朝刊	19頁	運動面
サッカー：８３８回ミニビッグ当選番号	2016/4/18	東京朝刊	19頁	運動面
地震：エクアドルでＭ７．８　２３３人死亡　政府、非常事態宣言	2016/4/18	東京朝刊	7頁	国際面
サッカー：Ｊ２　第８節・１７日	2016/4/18	東京朝刊	19頁	運動面
熊本地震：各国指導者、哀悼の意　メディアは記者派遣	2016/4/18	東京朝刊	7頁	国際面
熊本地震：南京大虐殺記念館が慰問文　熊本へ「ご無事ですか？」　ネットに発表、中国で共感広がる	2016/4/18	東京朝刊	7頁	国際面
熊本地震：北朝鮮紙も報道	2016/4/18	東京朝刊	7頁	国際面
キューバ：カストロ議長「改革進める」　共産党大会	2016/4/18	東京朝刊	7頁	国際面
ブラジル：ルセフ大統領の弾劾、下院通過か　採決へ	2016/4/18	東京朝刊	7頁	国際面
サッカー：Ｊ３　第５節　第２日	2016/4/18	東京朝刊	19頁	運動面
中国：南沙諸島から急病人を移送　支配誇示か	2016/4/18	東京朝刊	7頁	国際面
熊本地震：救助「あきらめぬ」　南阿蘇で懸命の捜索　被災者の疲労色濃く	2016/4/18	東京朝刊	29頁	社会面
サッカー：ＪＦＬ　第１ステージ第７節　第２日	2016/4/18	東京朝刊	19頁	運動面
オバマ米大統領：広島訪問、米各紙が支持　「敬意表すべきだ」	2016/4/18	東京朝刊	7頁	国際面
サッカー：関東大学リーグ　１７日	2016/4/18	東京朝刊	19頁	運動面
前橋・４人射殺：死刑囚「別の２人の殺害関与」　警視庁、遺体捜索へ	2016/4/18	東京朝刊	29頁	社会面
サッカー：なでしこＬ　１７日	2016/4/18	東京朝刊	19頁	運動面
露軍機：再び異常接近　米機まで１５メートル　バルト海上	2016/4/18	東京朝刊	7頁	国際面
熊本地震：九州３県２５万戸断水　全面復旧、見通し立たず	2016/4/18	東京朝刊	29頁	社会面
サッカーくじ：ビッグセンが不成立で購入代金を返還	2016/4/18	東京朝刊	19頁	運動面
韓国：産経前ソウル支局長が出廷費用請求	2016/4/18	東京朝刊	7頁	国際面
バスケットボール：ＮＢＡ　プレーオフ　ウォリアーズ、白星発進	2016/4/18	東京朝刊	19頁	運動面
バスケットボール：ＮＢＬ　１７日	2016/4/18	東京朝刊	19頁	運動面
バスケットボール：ｂｊリーグ　１７日	2016/4/18	東京朝刊	19頁	運動面
社告：熊本地震　被災者救援金受け付け	2016/4/18	東京朝刊	29頁	社会面
雑記帳：福島第１原発事故で全村避難が続く福島県葛尾村が…	2016/4/18	東京朝刊	29頁	社会面
ボートレース：マスターズチャンピオン　田頭が初優勝	2016/4/18	東京朝刊	19頁	運動面
ミャンマー政府：服役囚８３人に恩赦	2016/4/18	東京朝刊	7頁	国際面
シリア：人民議会選、与党が圧勝	2016/4/18	東京朝刊	7頁	国際面
ボクシング：東洋太平洋ライト級タイトルマッチ１２回戦　１７日	2016/4/18	東京朝刊	19頁	運動面
熊本地震：日常、いつ戻る	2016/4/18	東京朝刊	21頁	特集面
イスラエル政府：ゴラン高原で閣議	2016/4/18	東京朝刊	7頁	国際面
熊本地震：柔道・山下氏「安心祈る」　スポーツ界、募金活動が拡大	2016/4/18	東京朝刊	19頁	運動面
余録：核軍縮への新たな一歩を踏み出した被爆地・広島での…	2016/4/18	東京朝刊	1頁	政治面
熊本地震：トヨタ、全工場停止へ　一部部品の調達困難	2016/4/18	東京朝刊	1頁	政治面
米大リーグ：レッドソックス・上原、八回抑える	2016/4/18	東京朝刊	19頁	運動面
仲畑流・万能川柳：毎日は頑張れないからまたあした	2016/4/18	東京朝刊	3頁	三面
熊本地震：Ｍ３．５以上最多１６５回　「中越」超す　南西側に活動拡大	2016/4/18	東京朝刊	1頁	政治面
熊本地震：２０万人避難　死者４２人、損壊２４４２棟　新幹線、高架橋に亀裂	2016/4/18	東京朝刊	1頁	政治面