原油増産凍結、合意できず、サウジ、イラン欠席で硬化、ＮＹ原油急落、一時３７ドル台。	2016/4/18	夕刊	1ページ
熊本・大分、地震５００回超、避難所で１人死亡。	2016/4/18	夕刊	1ページ
日経平均一時５９０円超安、円、一時１０７円台後半に上昇。	2016/4/18	夕刊	1ページ
著作権侵害サイト、誘導リンクも規制、政府、知財計画に盛る。	2016/4/18	夕刊	1ページ
増税判断、地震影響も、官房長官。	2016/4/18	夕刊	1ページ
輝く国づくりに向けて——丸紅会長朝田照男（あすへの話題）	2016/4/18	夕刊	1ページ
トランプ氏なぜ人気？——過激発言、不満持つ層捉える（ニッキィの大疑問）	2016/4/18	夕刊	2ページ
マネー・ライフ、テクノロジー、アジア、マネー・ライフ（日経電子版から）	2016/4/18	夕刊	2ページ
原油、合意至らず失望売り、供給過剰、解消期待に冷水。	2016/4/18	夕刊	3ページ
ブラジル下院、弾劾承認、ルセフ大統領、瀬戸際に。	2016/4/18	夕刊	3ページ
ＪＩＣＡ、世銀系基金に最大３２億円出資、中東への日系企業進出促す。	2016/4/18	夕刊	3ページ
軽い脳卒中、返済不要に、住宅ローン、三菱東京ＵＦＪ銀など開発。	2016/4/18	夕刊	3ページ
川内原発「安全問題なし」、熊本地震、規制委が臨時会合。	2016/4/18	夕刊	3ページ
今年も「ゆう活」、朝型勤務進める、総活躍相。	2016/4/18	夕刊	3ページ
「５回目核実験、北朝鮮が準備」、韓国大統領。	2016/4/18	夕刊	3ページ
韓国陸軍トップが哀悼、熊本地震で中谷防衛相に。	2016/4/18	夕刊	3ページ
「広告総合講座」の受講者募集（日経からのお知らせ）	2016/4/18	夕刊	3ページ
ルノワールのシルクスクリーン、「都会のダンス」を販売中（日経からのお知らせ）	2016/4/18	夕刊	3ページ
「秋山陽アルケーの海へ」展、東京・虎ノ門で開催中（日経からのお知らせ）	2016/4/18	夕刊	3ページ
ビジネススクール——働きやすい会社の人事労務管理（日経からのお知らせ）	2016/4/18	夕刊	3ページ
「次のコンペで勝つ！１０打縮まるゴルフの特講」販売中（日経からのお知らせ）	2016/4/18	夕刊	3ページ
「日経ＴＥＳＴ公式練習問題集２０１６—１７年版」販売中（日経からのお知らせ）	2016/4/18	夕刊	3ページ
ビジネススクール——英語で学ぶロジカルライティングなど４講座（日経からのお知らせ）	2016/4/18	夕刊	3ページ
邦人４人連絡取れず、エクアドル地震。	2016/4/18	夕刊	3ページ
ブラジル下院、弾劾承認——国民の不満、動き後押し、五輪まで政治混乱も。	2016/4/18	夕刊	3ページ
襲撃団副官、隣国で逮捕、コートジボワールのテロ。	2016/4/18	夕刊	3ページ
ベトナム株が年初来高値——資源価格が相場を左右（世界株番付）	2016/4/18	夕刊	5ページ
新興株——インベストラスト代表福永博之氏、テーマ性ある銘柄に買い（プロはこう読む）	2016/4/18	夕刊	5ページ
神戸鋼、５カ年計画、嵐の中の船出（電子版記者の目から）	2016/4/18	夕刊	5ページ
３月の訪日外国人客数（市場の材料）	2016/4/18	夕刊	5ページ
１０年、マイナス０．１２５％（金利）	2016/4/18	夕刊	5ページ
円、対ユーロで反発（為替）	2016/4/18	夕刊	5ページ
鉱業や保険、自動車が下落（日本株）	2016/4/18	夕刊	5ページ
＜数表＞国内株式、国内金融、外為対顧客電信売相場。	2016/4/18	夕刊	5ページ
＜数表＞商品。	2016/4/18	夕刊	5ページ
＜数表＞商品先物。	2016/4/18	夕刊	5ページ
上海続落、金融株に売り（アジア株）	2016/4/18	夕刊	5ページ
敬語の使いこなし術（上）バイト敬語もう卒業、「〜になります」「〜の方」…トラブルのもと、会話録音、癖直す（常識ナビ）	2016/4/18	夕刊	7ページ
憧れの懸垂マシン、羽田圭介（プロムナード）	2016/4/18	夕刊	7ページ
ふんわり丸い春キャベツ——手でちぎると口当たりよく（暮らしのワンポイント）	2016/4/18	夕刊	7ページ
謎解き５番勝負（１）熟語作成パズル。	2016/4/18	夕刊	7ページ
１３０万人のピリオド（１０）「おひとりさま」に保証人の壁、病院や施設、家族を求める（くらし）	2016/4/18	夕刊	9ページ
護身術を身につけたい（１）暴漢と遭遇した若き日の夜、「おやじ狩り」備える初老の春（体験学）	2016/4/18	夕刊	9ページ
スマホ就活はゲーム感覚？——現実はそう簡単じゃない（就活のリアル）	2016/4/18	夕刊	9ページ
観世九皐会別会、お豆腐の和らい２０１６ＫＹＯＧＥＮ春夏秋冬、はばたけ！若手浪曲師の会、他（伝統芸能がいどガイド）	2016/4/18	夕刊	9ページ
セーリング宮川恵子・高野芹奈（上）競技歴２０年のベテランと１８歳新星「感覚ぴったり」。初の五輪へ挑む（駆ける魂）	2016/4/18	夕刊	13ページ
大リーグ——元楽天エースの対決、走る速球、田中、今季初勝利、満塁ピンチ、１点でしのぐ。	2016/4/18	夕刊	13ページ
大リーグ。	2016/4/18	夕刊	13ページ
大リーグ——イチロー５００盗塁あと１、途中出場で２安打。	2016/4/18	夕刊	13ページ
欧州サッカー——香川が白星貢献。	2016/4/18	夕刊	13ページ
欧州サッカー——香川はつらつ、先制の起点に。	2016/4/18	夕刊	13ページ
グレースが初Ｖ、米男子ゴルフ。	2016/4/18	夕刊	13ページ
宇津木フル出場、ＰＫ制し決勝へ、フランス杯。	2016/4/18	夕刊	13ページ
山田と佐藤、決勝逃す、射撃Ｗ杯。	2016/4/18	夕刊	13ページ
大リーグ——元楽天エースの対決、岩隈失投悔やむ。	2016/4/18	夕刊	13ページ
バドミントン代表が帰国。	2016/4/18	夕刊	13ページ
大リーグ——青木は三塁打。	2016/4/18	夕刊	13ページ
熊本城、重文５つ被害甚大。	2016/4/18	夕刊	14ページ
熊本県の全域で学力テスト中止、文科省。	2016/4/18	夕刊	14ページ
熊本地震、東北・関西、支援急ぐ、「恩返ししたい」、物資・人・ノウハウ提供。	2016/4/18	夕刊	14ページ
除染廃棄物を本格輸送、福島、中間貯蔵施設予定地に、環境省。	2016/4/18	夕刊	14ページ
旅客機にドローン？衝突、無事着陸、ロンドンの空港付近。	2016/4/18	夕刊	14ページ
裁判取りやめ、一部簡裁閉庁、熊本県内。	2016/4/18	夕刊	14ページ
文化交流使６人を指名、佐藤可士和さんら。	2016/4/18	夕刊	14ページ
熊本地震、余震怖い、車中泊で消耗、避難所どこも満杯、熊本県「十分な水分補給を」。	2016/4/18	夕刊	15ページ
死刑囚「別の殺人関与」、前橋スナック乱射事件、遺体捜索へ。	2016/4/18	夕刊	15ページ
誤誘導、入国手続きせず、成田でバニラ・エア、４７人が「通過」、台北発の便。	2016/4/18	夕刊	15ページ
熊本地震——熊本市を中心に空き巣被害２０件。	2016/4/18	夕刊	15ページ
奥窪央雄氏（元広島電鉄社長）（死去）	2016/4/18	夕刊	15ページ
熊本地震——犠牲者悼む知人ら、一緒に花見したかった、男らしく、立派な兄貴。	2016/4/18	夕刊	15ページ
熊本地震——南阿蘇村、迫る「７２時間」懸命の捜索、生存願い作業急ぐ。	2016/4/18	夕刊	15ページ
熊本地震——避難所の７７歳死亡、震災関連死か。	2016/4/18	夕刊	15ページ
ジカ熱防げ、都が蚊採取、代々木公園。	2016/4/18	夕刊	15ページ
熊本地震——給油待ち車列に中継車割り込み、関西テレビ。	2016/4/18	夕刊	15ページ
束芋が映像芝居「錆からでた実」——老いて得られる果実示唆（夕刊文化）	2016/4/18	夕刊	16ページ
日本語学者山口仲美（１）叔父に読んでもらった「小公女」——おごらず気高く理想の人（こころの玉手箱）	2016/4/18	夕刊	16ページ
三池崇史さん、常識を疑い最善を模索（語る）	2016/4/18	夕刊	16ページ
熊本地震、なお１１万人避難、死者４２人、不明１０人前後、政府、補正予算を検討。	2016/4/18	朝刊	1ページ
増産凍結、詰めの協議、産油国会合、イランは欠席。	2016/4/18	朝刊	1ページ
衆院２補選、北海道、自民やや優勢、京都は民進リード。	2016/4/18	朝刊	1ページ
熊本地震——トヨタ、全国で生産停止へ。	2016/4/18	朝刊	1ページ
インド、７．７％成長に加速、本社エコノミスト調査、ＡＳＥＡＮは足踏み。	2016/4/18	朝刊	1ページ
ルノワール展、２７日から東京で、「ムーラン・ド・ラ・ギャレット」など初公開。	2016/4/18	朝刊	1ページ
詩人の四元康祐さんは企業の財務マンとして２０代で米国に赴任した（春秋）	2016/4/18	朝刊	1ページ
食料・避難所、迅速に、９０万食を用意、宿泊にフェリー、政府、激甚指定急ぐ。	2016/4/18	朝刊	2ページ
衆院補選、北海道で自民やや優勢、野党、無党派浸透に課題、自民、政権支持層固める。	2016/4/18	朝刊	2ページ
食料・避難所、迅速に——米軍支援受け入れ、オスプレイで物資輸送。	2016/4/18	朝刊	2ページ
衆院補選、北海道で自民やや優勢——民進と共産、共闘道半ば、京都、泉氏がリード。	2016/4/18	朝刊	2ページ
食料・避難所、迅速に——即応予備自衛官、最大３００人召集、２．６万人態勢に。	2016/4/18	朝刊	2ページ
地震の続発に警戒しつつ救援に全力を（社説）	2016/4/18	朝刊	2ページ
消費不振でも伸びる市場（社説）	2016/4/18	朝刊	2ページ
４月１７日（首相官邸）	2016/4/18	朝刊	2ページ
目黒区長に青木氏４選（選挙）	2016/4/18	朝刊	2ページ
坂戸市長に石川氏再選（選挙）	2016/4/18	朝刊	2ページ
大東市長に東坂氏再選（選挙）	2016/4/18	朝刊	2ページ
美祢市長に西岡氏初当選（選挙）	2016/4/18	朝刊	2ページ
阿賀野市長に田中氏再選（選挙）	2016/4/18	朝刊	2ページ
笠岡市長に小林氏初当選（選挙）	2016/4/18	朝刊	2ページ
魚津市長に村椿氏初当選（選挙）	2016/4/18	朝刊	2ページ
伊豆市長に菊地氏３選（選挙）	2016/4/18	朝刊	2ページ
西予市長に管家氏（選挙）	2016/4/18	朝刊	2ページ
茂原市長に田中氏（選挙）	2016/4/18	朝刊	2ページ
日高市長に谷ケ崎氏（選挙）	2016/4/18	朝刊	2ページ
碧南市長に禰宜田氏（選挙）	2016/4/18	朝刊	2ページ
食料・避難所、迅速に——在日米軍が声明、強固な同盟強調。	2016/4/18	朝刊	2ページ
部品供給網、再び試練、ルネサスやソニーが半導体工場停止、小売りも輸送寸断。	2016/4/18	朝刊	3ページ
原油相場の押し上げ狙う、主要産油国会合、実効性巡り難航か。	2016/4/18	朝刊	3ページ
財政出動、欧州が慎重論、仏財務相「債務に配慮必要」。	2016/4/18	朝刊	3ページ
ネット証券３社が減益、１〜３月、個人手控え。	2016/4/18	朝刊	3ページ
本震は「布田川断層帯」と認定、従来想定より長く、政府調査委。	2016/4/18	朝刊	3ページ
熊本県内の１６郵便局、建物破損で休業。	2016/4/18	朝刊	3ページ
産油国会合——非加盟国含め生産調整（きょうのことば）	2016/4/18	朝刊	3ページ
ＴＰＰ法案の成立、今国会は困難、参院議長。	2016/4/18	朝刊	3ページ
英「ＥＵ離脱派」の胸の内——有権者揺さぶる新聞論調（核心）	2016/4/18	朝刊	4ページ
米ユーラシア・グループ社長イアン・ブレマー氏——「米国第一」、真剣に議論を（グローバルオピニオン）	2016/4/18	朝刊	4ページ
ａｕ＋保険「セット割」が波紋、ポイント付与、保険業法に抵触？、業界反発、金融庁は立場保留。	2016/4/18	朝刊	5ページ
ＳＭＢＣ日興、個人向け営業員５割増、清水社長「首位と互角に」。	2016/4/18	朝刊	5ページ
ａｕ＋保険「セット割」が波紋——ドコモ、割引踏み込まず、大手と協調、９月から販売。	2016/4/18	朝刊	5ページ
カナダ保険マニュライフ、アジア中間層開拓、銀行と窓販契約拡大。	2016/4/18	朝刊	5ページ
ロボットが運用指南、日本ＩＢＭとフィンテックＶＢが開発。	2016/4/18	朝刊	5ページ
利点見定め複数行と提携、千葉銀頭取佐久間英利氏（地域金融列島発）	2016/4/18	朝刊	5ページ
住信ＳＢＩ、ブロックチェーンの実験成功（はや耳）	2016/4/18	朝刊	5ページ
静岡——スルガ銀、家計簿アプリを強化（地域金融列島発）	2016/4/18	朝刊	5ページ
栃木——足利銀、貸金庫の手数料無料（地域金融列島発）	2016/4/18	朝刊	5ページ
宮崎——宮崎太陽銀、販路開拓支援を成功報酬制に（地域金融列島発）	2016/4/18	朝刊	5ページ
香川——百十四銀など、地場の手袋メーカーに優遇融資（地域金融列島発）	2016/4/18	朝刊	5ページ
改革後退、東南アのリスク、本社エコノミスト調査「アジア・コンセンサス」、中国減速、域内に影。	2016/4/18	朝刊	7ページ
中国株買い支え５０００億円、政府系ファンド、昨年以降。	2016/4/18	朝刊	7ページ
カストロ議長、キューバ、体制堅持強調、共産党大会が開幕。	2016/4/18	朝刊	7ページ
北朝鮮核実験場で動き活発に（ダイジェスト）	2016/4/18	朝刊	7ページ
イラン軍、首都でパレード（ダイジェスト）	2016/4/18	朝刊	7ページ
クルーズ氏、代議員を上積み（ダイジェスト）	2016/4/18	朝刊	7ページ
ミャンマー大統領、８３人に恩赦（ダイジェスト）	2016/4/18	朝刊	7ページ
エクアドルでＭ７．８地震、死者２３３人、非常事態を宣言。	2016/4/18	朝刊	7ページ
パソコン３陣営、統合交渉白紙、ずれた思惑、成長描けず、規模追求が不十分に。	2016/4/18	朝刊	9ページ
大成建設、コンクリ床の仕上げロボ、作業員の負担軽減。	2016/4/18	朝刊	9ページ
ネット親しむ「ミレニアル世代」、２０年末までに半数離職検討。	2016/4/18	朝刊	9ページ
伊勢志摩サミット会場ホテル、敷地内に温浴施設、近鉄ＨＤ、訪日客に照準。	2016/4/18	朝刊	9ページ
ニッポンレンタカー、カーシェア企業と提携、会員共通化へ。	2016/4/18	朝刊	9ページ
エネチェンジ、プラン変更、新電力も。	2016/4/18	朝刊	9ページ
マーベラス、中古「ポケモン」アジアへ輸出。	2016/4/18	朝刊	9ページ
凸版、訪日客に電子チラシ、サイトに提供。	2016/4/18	朝刊	9ページ
鈴木氏退任後のセブン＆アイ——どうなる創業家ガバナンス（経営の視点）	2016/4/18	朝刊	9ページ
東急パワーサプライ村井社長（ニュース一言）	2016/4/18	朝刊	9ページ
特集——地方経済、人口減でも成長、カギは生産性向上、２３道県で実り（データディスカバリー）	2016/4/18	朝刊	11ページ
医療機器、中小の技生かす、脳内圧力測定、中耳炎検査、メーカーと連携、事業拡大に寄与。	2016/4/18	朝刊	13ページ
「博多一風堂」、飲食向け人材育成、教育ノウハウ提供。	2016/4/18	朝刊	13ページ
理想の新卒探します、採用支援のアイプラグ、行動パターンで検索。	2016/4/18	朝刊	13ページ
フィナテキスト、海外で投資教育アプリ、台湾・欧州に現法。	2016/4/18	朝刊	13ページ
医療機器、中小の技生かす——「医工連携」都が後押し、助成金を新設。	2016/4/18	朝刊	13ページ
ロコパートナーズ、ＫＤＤＩから５億円を調達。	2016/4/18	朝刊	13ページ
ベアテイル、経費精算アプリ入力担当者増員。	2016/4/18	朝刊	13ページ
松浦機械製作所、短期間で金型作る装置——造形・切削１台、欧米開拓（地域発世界へ）	2016/4/18	朝刊	13ページ
中野屋中野吉貫社長——訪日客に讃岐うどん手打ち教室、身ぶり手ぶりで楽しさ伝える（みちしるべ）	2016/4/18	朝刊	13ページ
神奈川——面影屋、耐火・耐水性の高い写真印刷（列島ダイジェスト）	2016/4/18	朝刊	13ページ
北海道——男山、本社・工場建て替え（列島ダイジェスト）	2016/4/18	朝刊	13ページ
直下型の常識覆す、熊本地震、専門家に聞く——古村孝志・東京大学地震研究所教授、「連鎖地震」他の場所でも。	2016/4/18	朝刊	15ページ
直下型の常識覆す、熊本地震、専門家に聞く——岡村真・高知大学防災推進センター特任教授、震源域に広がり「起こる前提で」。	2016/4/18	朝刊	15ページ
直下型の常識覆す、熊本地震、専門家に聞く——山岡耕春・名古屋大学地震火山研究センター長、南海トラフ地震、誘発考えにくい。	2016/4/18	朝刊	15ページ
無線送電向け小型装置、三菱電機、厚さ半分以下。	2016/4/18	朝刊	15ページ
大型望遠鏡設置、スペインと協定、東大宇宙線研究所。	2016/4/18	朝刊	15ページ
原発事故後の食品安全、「国際基準が必要」、ＯＥＣＤ原子力機関。	2016/4/18	朝刊	15ページ
再生医療飛躍への課題（下）治療応用へ環境整備必要——資金集めや患者連携カギ。	2016/4/18	朝刊	15ページ
直下型地震（ことば）	2016/4/18	朝刊	15ページ
４月１８日—４月２４日（今週の予定）	2016/4/18	朝刊	16ページ
羅針盤——「ＥＵ離脱」論争の行方（今週の市場）	2016/4/18	朝刊	16ページ
株式——決算見極め買い控え（今週の市場）	2016/4/18	朝刊	16ページ
１９０１年４月２０日、日本初の女子大が開校（アーカイブ）	2016/4/18	朝刊	16ページ
為替——米長官発言、円買い材料（今週の市場）	2016/4/18	朝刊	16ページ
ＮＹ株——上値重い展開に（今週の市場）	2016/4/18	朝刊	16ページ
金利——過去最低更新か（今週の市場）	2016/4/18	朝刊	16ページ
＜数表＞国内の主な追加型株式投信の運用成績。	2016/4/18	朝刊	16ページ
＜数表＞一目でわかる金利と為替。	2016/4/18	朝刊	16ページ
＜数表＞世界の株価、海外株式週間高低。	2016/4/18	朝刊	16ページ
社外取締役の有力供給源、大手法律事務所、就任にためらい、利益相反を懸念、本業に不利益も。	2016/4/18	朝刊	17ページ
米での訴訟リスクに備え、日本企業、証拠を保全、メール常時監視、専用サーバー用意。	2016/4/18	朝刊	17ページ
中小向け知財相談窓口、専門家チーム派遣、経産省系、独法。	2016/4/18	朝刊	17ページ
新局面の中国（８）知財保護を強化——訴訟増、賠償額引き上げも。	2016/4/18	朝刊	17ページ
指標揺らすマイナス金利（景気指標）	2016/4/18	朝刊	19ページ
エコノミクストレンド、社員の人脈、業績にも影響——若林直樹京都大教授、「見えざる資産」形成を（経済教室）	2016/4/18	朝刊	21ページ
やさしいミクロ経済学（１１）東京大学教授柳川範之——情報の不完全性、現実的設定で問題検討。	2016/4/18	朝刊	21ページ
国際金融規制を知る（９）危機とともに強化・改善（ゼミナール）	2016/4/18	朝刊	21ページ
揺らぐ邦銀の収益基盤（１）マイナス金利が痛手——潜在リスク高まる（時事解析）	2016/4/18	朝刊	21ページ
奨学金に「所得連動」導入、負担減には「給付型」を——小林雅之東京大学教授（教育）	2016/4/18	朝刊	22ページ
学力偏差値——とらわれず、成長に生かせ（挑む）	2016/4/18	朝刊	22ページ
「ルノワール展」開催概要（日経からのお知らせ）	2016/4/18	朝刊	22ページ
「作家ヘミングウェイが愛したキューバの魅力」講演会（日経からのお知らせ）	2016/4/18	朝刊	22ページ
「コーポレートガバナンス」総会直前講座（日経からのお知らせ）	2016/4/18	朝刊	22ページ
ネット小遣い稼ぎ、高校生７割（データ）	2016/4/18	朝刊	22ページ
「日経ＴＥＳＴ」６月１２日に全国試験、申し込みは５月１１日まで（日経からのお知らせ）	2016/4/18	朝刊	22ページ
「備前焼特撰」を販売（日経からのお知らせ）	2016/4/18	朝刊	22ページ
「世界経済大乱」販売中（日経からのお知らせ）	2016/4/18	朝刊	22ページ
催しのご案内、日本経済研究センター（日経からのお知らせ）	2016/4/18	朝刊	22ページ
航空整備士（下）（夢をつかめ）	2016/4/18	朝刊	22ページ
池上彰の大岡山通信若者たちへ（８５）大学で「学ぶ」意味は——自ら問い立て道開く。	2016/4/18	朝刊	23ページ
日本経済大——ベンチャーの「ふ化」施設、無料オフィス、顧客も紹介（キャンパス新発見）	2016/4/18	朝刊	23ページ
悩める就活、フリーも道（ＣｏｌｌｅｇｅＣａｆｅｂｙＮＩＫＫＥＩから）	2016/4/18	朝刊	23ページ
特集——ＮＩＫＫＥＩＡＳＩＡＮＲＥＶＩＥＷ、アジアの鼓動、英文で読む。	2016/4/18	朝刊	25ページ
特集——ＮＩＫＫＥＩＡＳＩＡＮＲＥＶＩＥＷ、春の割引キャンペーン実施中、デジタル３カ月プランを９ドルに。	2016/4/18	朝刊	25ページ
特集——ＮＩＫＫＥＩＡＳＩＡＮＲＥＶＩＥＷ、ＩｎｔｅｒｎａｔｉｏｎａｌＲｅｌａｔｉｏｎｓコーナー、北朝鮮の核問題に関心。	2016/4/18	朝刊	25ページ
７年ぶり広域地方計画３つの柱、対流、交通網、観光に追い風、稼ぐ、特産輸出や産業集積、住む、人口減、補完関係築く。	2016/4/18	朝刊	29ページ
サミット費用、洞爺湖の倍以上——三重県、経済効果追う（列島追跡）	2016/4/18	朝刊	29ページ
誰でも手軽に「地域発電所」を（時流地流）	2016/4/18	朝刊	29ページ
福島——あすかエコテック、香水リキュール（ご当地ＮｅｗＦａｃｅ）	2016/4/18	朝刊	29ページ
愛媛——一六本舗、３種のベリー入り（ご当地ＮｅｗＦａｃｅ）	2016/4/18	朝刊	29ページ
福岡——ＪＯＹ・プラス、生薬シャンプー（ご当地ＮｅｗＦａｃｅ）	2016/4/18	朝刊	29ページ
東建ホームメイトカップ——金庚泰、国内開幕Ｖ。	2016/4/18	朝刊	31ページ
日本選手権５０キロ競歩——荒井、亡き母に吉報。	2016/4/18	朝刊	31ページ
全日本女子柔道——割れた代表選考、膝負傷が決定打、女子７８キロ超級。	2016/4/18	朝刊	31ページ
日本選手権５０キロ競歩、谷井優勝、荒井も五輪確実。	2016/4/18	朝刊	31ページ
東建ホームメイトカップ——熊本を思い、永野猛追３位、「背中押された」。	2016/4/18	朝刊	31ページ
東建ホームメイトカップ——パットが合わず、重永４位止まり。	2016/4/18	朝刊	31ページ
東建ホームメイトカップ——金庚泰、プレーオフ粘り勝ち、不調も気持ちぶれず（バックスピン）	2016/4/18	朝刊	31ページ
全日本女子柔道——山部Ｖ、逆転で五輪へ、精神鍛え、猛然と「前へ」（リオへの道）	2016/4/18	朝刊	31ページ
全日本女子柔道——山部Ｖ、逆転で五輪へ。	2016/4/18	朝刊	31ページ
ミンジ・リー、ツアー２勝目、米女子ゴルフ。	2016/4/18	朝刊	31ページ
全日本女子柔道——敗れた田知本、姉妹代表ならず。	2016/4/18	朝刊	31ページ
プレーオフ制し飯合が開幕戦Ｖ、シニアゴルフ。	2016/4/18	朝刊	31ページ
松田予選敗退、堀水６位、射撃ワールドカップ。	2016/4/18	朝刊	31ページ
Ｊ２——首位のＣ大阪、北九州とドロー、地震・暴風で３試合中止。	2016/4/18	朝刊	31ページ
オリックス、西武——西、気迫で不振脱す、やっと今季初勝利。	2016/4/18	朝刊	33ページ
ディーマジェスティＶ、皐月賞。	2016/4/18	朝刊	33ページ
九州男児・村田が決勝打、巨人、連日の接戦制す。	2016/4/18	朝刊	33ページ
ディーマジェスティＶ、皐月賞——伏兵鮮やか「３強」破る。	2016/4/18	朝刊	33ページ
同点３ラン吉村、サヨナラ弾放つ、ソフトバンク６連勝。	2016/4/18	朝刊	33ページ
途中出場・高浜、決勝の右前打、ロッテ。	2016/4/18	朝刊	33ページ
ディーマジェスティＶ、皐月賞——持ち味発揮も結果が伴わず。	2016/4/18	朝刊	33ページ
中日ビシエド、阪神戦５発目。	2016/4/18	朝刊	33ページ
球界と宝塚、異なるマナー、浜田昭八（選球眼）	2016/4/18	朝刊	33ページ
カーリング、白星発進、混合ダブルス世界選手権。	2016/4/18	朝刊	33ページ
ロズベルク、開幕３連勝、Ｆ１中国ＧＰ決勝。	2016/4/18	朝刊	33ページ
大リーグ——上原１回無失点。	2016/4/18	朝刊	33ページ
スーパーラグビー——五郎丸、途中出場、レッズは敗れる。	2016/4/18	朝刊	33ページ
慶大が５連覇果たす、早慶レガッタ。	2016/4/18	朝刊	33ページ
日本、最下位相当の１５位、ラグビー７人制男子ＷＳ。	2016/4/18	朝刊	33ページ
熊本出身の松岡「被災者の力に」、ヤクルト、サヨナラ勝ち。	2016/4/18	朝刊	33ページ
熊本地震、交通網、復旧進まず、橋や道路、被害広範囲に、九州新幹線、煙突倒れ壁壊す。	2016/4/18	朝刊	34ページ
生活改善、誰に１票、北海道５区補選、最後の日曜、舌戦。	2016/4/18	朝刊	34ページ
熊本地震——患者、相次ぎ県外搬送、断水・停電、病院余力なく。	2016/4/18	朝刊	34ページ
熊本地震——韓国が派遣隊、国民の被害確認。	2016/4/18	朝刊	34ページ
熊本地震——学テ、熊本は実施困難、休校・避難所に使用多く。	2016/4/18	朝刊	34ページ
「東京にブロードウェー」、舛添都知事、劇場街作りに意欲。	2016/4/18	朝刊	34ページ
軽井沢バス事故、被害者の会設立、法政大のゼミ生ら。	2016/4/18	朝刊	34ページ
ピカソ版画１１点、金庫から盗難、ドイツ金融機関が被害。	2016/4/18	朝刊	34ページ
熊本地震、捜索懸命、阻む土砂、「早く見つかって」、南阿蘇、祈る住民。	2016/4/18	朝刊	35ページ
熊本地震——「体力も気力も限界」、避難者あふれ廊下まで。	2016/4/18	朝刊	35ページ
熊本地震——沈痛、犠牲者しのぶ、人気の運転手、花好きだった母。	2016/4/18	朝刊	35ページ
福島・楢葉町長、松本氏が再選。	2016/4/18	朝刊	35ページ
日本列島は１７日、各地で気温が上昇し（窓）	2016/4/18	朝刊	35ページ
強風、北陸で２人死亡、東京・多摩、工事用のパネル落下。	2016/4/18	朝刊	35ページ
築地の歴史、写真でさばく——市場のにぎわい、開設時から今までを一冊に、福地享子（文化）	2016/4/18	朝刊	36ページ
福澤武（１７）就職の壁——結核・年齢で門前払いに、「治癒なら可」三菱地所に内定（私の履歴書）	2016/4/18	朝刊	36ページ
オヤジの情熱、元木由記雄（交遊抄）	2016/4/18	朝刊	36ページ
敗者の美術史十選（４）岡本唐貴「争議団の工場襲撃」。	2016/4/18	朝刊	36ページ
中央公論新社が文芸誌、人気作家が小説共作（文化往来）	2016/4/18	朝刊	36ページ
九州、震度６相次ぐ、熊本、死者４１人に、Ｍ７．３「本震」被害拡大、大分でも避難者。	2016/4/17	朝刊	1ページ
今春ベア実施、７３％に増加、賃上げ率は鈍化、本社１次集計。	2016/4/17	朝刊	1ページ
ＪＸ、今期黒字転換、最終利益１５００億円、原油安が一服。	2016/4/17	朝刊	1ページ
九州、震度６相次ぐ——早期救助へ３万人態勢、首相「夜を徹して支援」。	2016/4/17	朝刊	1ページ
日経カップ企業対抗ゴルフ選手権、参加チーム募集。	2016/4/17	朝刊	1ページ
大きな揺れだったが、とりあえず収まった（春秋）	2016/4/17	朝刊	1ページ
熊本地震、降雨、救援増派急ぐ、政府、二次災害を警戒。	2016/4/17	朝刊	2ページ
熊本地震——首相、政権運営に影響も、衆院補選応援取りやめ。	2016/4/17	朝刊	2ページ
熊本地震——陸海空統合で運用、自衛隊支援、米軍と協力も。	2016/4/17	朝刊	2ページ
Ｇ２０は課税逃れの対策を着実に進めよ（社説）	2016/4/17	朝刊	2ページ
日ロ交渉の糸口みつかるか（社説）	2016/4/17	朝刊	2ページ
４月１６日（首相官邸）	2016/4/17	朝刊	2ページ
日ロ首脳会談「５月６日」、森元首相が講演。	2016/4/17	朝刊	2ページ
災害復旧で補正予算を、自民総務会長。	2016/4/17	朝刊	2ページ
九州、震度６相次ぐ——断層の巣、地震連鎖、震源域３つ「前例ない」。	2016/4/17	朝刊	3ページ
九州インフラ寸断、空港・新幹線マヒ、生鮮出荷減、景気下押しも。	2016/4/17	朝刊	3ページ
Ｍ＆Ａ資金、協調融資で調達倍増、日本企業、昨年度２兆円、低金利、借りやすく。	2016/4/17	朝刊	3ページ
九州、震度６相次ぐ——南海トラフとの関連、見方分かれる。	2016/4/17	朝刊	3ページ
訪日消費にも影、中国、熊本へ渡航禁止。	2016/4/17	朝刊	3ページ
原子力規制委、あすにも臨時会合。	2016/4/17	朝刊	3ページ
本震——一連の地震で最大規模（きょうのことば）	2016/4/17	朝刊	3ページ
熊本地震、金融機関、対応を拡大、保険料支払い猶予、ゆうちょ臨時営業。	2016/4/17	朝刊	5ページ
通貨政策、日米に不協和音、為替介入で応酬、Ｇ２０会議——ドラギ総裁、「必要なら何でもする」。	2016/4/17	朝刊	5ページ
通貨政策、日米に不協和音、為替介入で応酬、Ｇ２０会議——ルー財務長官、「市場の動きは秩序的」。	2016/4/17	朝刊	5ページ
通貨政策、日米に不協和音、為替介入で応酬、Ｇ２０会議、麻生財務相、「円相場は偏っている」。	2016/4/17	朝刊	5ページ
円高再燃、市場が警戒、日銀追加緩和が焦点に。	2016/4/17	朝刊	5ページ
パナマ包囲網、狭まる、Ｇ２０、税逃れ対策で合意。	2016/4/17	朝刊	5ページ
テレビ８年、携帯電話３．８年…、耐久消費財の使用期間伸びる、節約志向、性能も向上。	2016/4/17	朝刊	5ページ
ガソリンや電気、被災地へ安定供給、経産省、業界と連携。	2016/4/17	朝刊	5ページ
適切な政策で経済腰折れ回避、中国。	2016/4/17	朝刊	5ページ
熊本地震——被災者向けに住宅機構が融資。	2016/4/17	朝刊	5ページ
提出求める書類、旧姓使用ＯＫに、女性活躍へ金融庁検討。	2016/4/17	朝刊	5ページ
地方の余剰財源「国に還元を」、財制審が提言。	2016/4/17	朝刊	5ページ
熊本地震——仮設住宅の準備を開始、国交省。	2016/4/17	朝刊	5ページ
熊本地震、中韓、自国民の保護奔走、英・タイ、支援用意。	2016/4/17	朝刊	6ページ
ローマ法王、難民支援呼びかけ、ギリシャの「最前線」訪問。	2016/4/17	朝刊	6ページ
共和、党決選にらみ攻防、トランプ氏、ベテラン参謀起用、クルーズ氏、代議員に働きかけ（２０１６米大統領選）	2016/4/17	朝刊	6ページ
韓国どこへ総選挙与党大敗（下）朴外交に高まる「内圧」——慰安婦合意に逆風も。	2016/4/17	朝刊	6ページ
イランにＥＵ代表部設置へ（ダイジェスト）	2016/4/17	朝刊	6ページ
米各紙、大統領の広島訪問促す（ダイジェスト）	2016/4/17	朝刊	6ページ
一時金１．３％増１８４万円、伸び率４年で最小、本社１次集計、新興国減速・資源安、電機や機械抑制。	2016/4/17	朝刊	7ページ
続く余震、工場点検できず、ソニーがセンサー生産停止、ホンダは二輪製造見合わせ。	2016/4/17	朝刊	7ページ
油圧ショベル、日立建機が自動掘削型。	2016/4/17	朝刊	7ページ
新日鉄住金、鹿島製鉄所の設備更新、１００億円投じ効率化。	2016/4/17	朝刊	7ページ
星野リゾート、３年で１０００人採用、都市型ホテル拡大。	2016/4/17	朝刊	7ページ
ＩＴホールディングス、ベンチャー支援、最大１０億円投資。	2016/4/17	朝刊	7ページ
ドトール・日レスホールディングス星野社長（ニュース一言）	2016/4/17	朝刊	7ページ
＜数表＞畜産価格。	2016/4/17	朝刊	7ページ
特集——深まる傷、収束祈り。	2016/4/17	朝刊	8ページ
米大統領選、混迷の意味するもの——前ニューヨーク市長マイケル・ブルームバーグ氏、組織化された市井の不満（時論）	2016/4/17	朝刊	9ページ
米大統領選、混迷の意味するもの——聞き手から、理想と現実、米が苦悩（時論）	2016/4/17	朝刊	9ページ
ＬＧＢＴ親になる、法の想定外、事例先行（かれんとスコープ）	2016/4/17	朝刊	10ページ
「ゆとり」は再生するか——授業変革へ過去を省みよ（中外時評）	2016/4/17	朝刊	10ページ
４月９日〜１５日（電子版読まれた記事ランキング）	2016/4/17	朝刊	10ページ
石油転変（３）先物にマネー沸く——市場膨張、覇権争う二大勢力。	2016/4/17	朝刊	11ページ
石油転変（３）ＩＣＥフューチャーズ・ヨーロッパ社長兼最高執行責任者（ＣＯＯ）デイビッド・ペニケット氏。	2016/4/17	朝刊	11ページ
石油転変（３）ＣＭＥエネルギー商品部門マネージング・ディレクター、ピーター・キーヴィ氏——ＷＴＩ、米の輸出解禁好機。	2016/4/17	朝刊	11ページ
参院選、女性票つかめ——待機児童対策、アピール競う（永田町インサイド）	2016/4/17	朝刊	12ページ
寝たふり、死んだふり（８６年５月、中曽根首相）——衆参同日選へ不退転（政その瞬間）	2016/4/17	朝刊	12ページ
手話で伝える政治・経済（ログ＆ツイート）	2016/4/17	朝刊	12ページ
中国、「豚のサイクル」再び（電子版＆ＮＩＫＫＥＩＡＳＩＡＮＲＥＶＩＥＷ）	2016/4/17	朝刊	13ページ
どうなるブラジル弾劾騒動（ＦＴ）	2016/4/17	朝刊	13ページ
米、サイバー攻撃を宣言——まず対「イスラム国」、世界に意志示す（ＦＴ）	2016/4/17	朝刊	13ページ
多発性筋炎や皮膚筋炎——全身に倦怠感…、つらい日常生活、ステロイド剤で症状緩和、感染症には注意。	2016/4/17	朝刊	14ページ
支えてくれた同級生——学校が居場所になった（こころの健康学）	2016/4/17	朝刊	14ページ
考え・行動・記憶…脳が支配（からだのフシギ）	2016/4/17	朝刊	14ページ
遺伝性がん診療、地域ぐるみで——検査や手術…越県で分業、データ集約、全国で、東海など、患者の負担軽く。	2016/4/17	朝刊	15ページ
東京医科大学主任教授（救急・災害医学）行岡哲男氏（４）救急の質向上、連携強化で（医師の目）終	2016/4/17	朝刊	15ページ
生活保護患者の「ぐるぐる」転院——自治体の監視力、底上げ課題（メディカルＮＯＷ）	2016/4/17	朝刊	15ページ
吉原嘘とまことの三千世界（中）夜見世、千々に灯る人模様（美の美）	2016/4/17	朝刊	16ページ
吉原嘘とまことの三千世界（中）横溢する官能、細部に宿す（美の美）	2016/4/17	朝刊	17ページ
ヤクルトスワローズ監督真中満氏——重圧の中で切り替え学ぶ（リーダーの本棚）	2016/4/17	朝刊	19ページ
粉飾決算、浜田康著——罪に問えない司法と監査の課題（この一冊）	2016/4/17	朝刊	19ページ
図書館を使いこなす、生活に役立てる方法指南（活字の海で）	2016/4/17	朝刊	19ページ
文庫——４月３日〜９日（ベストセラー）	2016/4/17	朝刊	19ページ
中上紀——漂流の通辞ダンケッチ、紀伊から世界へ出る人々（半歩遅れの読書術）	2016/4/17	朝刊	20ページ
『痴人の愛』を歩く、映像の世界から作家を見直す——樫原辰郎著（読書）	2016/4/17	朝刊	20ページ
ドローンランド、スリリングに監視社会を警告——トム・ヒレンブラント著（読書）	2016/4/17	朝刊	20ページ
日常と不在を見つめて、混沌と格闘、映画作家の軌跡——佐藤真ほか著（読書）	2016/4/17	朝刊	20ページ
天使とは何か、人間の想像力刺激、様々な姿に——岡田温司著（読書）	2016/4/17	朝刊	20ページ
チェロと宮沢賢治、横田庄一郎著（文庫）	2016/4/17	朝刊	20ページ
「文系学部廃止」の衝撃、吉見俊哉著（新書）	2016/4/17	朝刊	20ページ
コーヒーの科学、旦部幸博著（新書）	2016/4/17	朝刊	20ページ
ＣＩＡの秘密戦争、水面下のテロとの戦いに迫る——マーク・マゼッティ著（読書）	2016/4/17	朝刊	21ページ
大山猫の物語、構造主義の神話研究の集大成——クロード・レヴィ＝ストロース著（読書）	2016/4/17	朝刊	21ページ
「これからのエリック・ホッファーのために」、荒木優太氏——個性派の在野研究者に光（あとがきのあと）	2016/4/17	朝刊	21ページ
「アラブの春」と音楽、等身大の若者の悩み伝える——中町信孝著（読書）	2016/4/17	朝刊	21ページ
日中関係と日本経済界、財界の「政治力」事例から検証——李彦銘著（読書）	2016/4/17	朝刊	21ページ
食の社会学、エイミー・グプティルほか著（短評）	2016/4/17	朝刊	21ページ
あっけらかんの国キューバ、越川芳明著（短評）	2016/4/17	朝刊	21ページ
しなやかな社会の挑戦、「レジリエンス社会」をつくる研究会著（短評）	2016/4/17	朝刊	21ページ
アンリ・マティス『ジャズ』再考、大久保恭子著（短評）	2016/4/17	朝刊	21ページ
ミステリー国の人々（１６）正木敬之、夢野久作——「読む悪夢」深める怪物博士。	2016/4/17	朝刊	22ページ
茨木和生選（俳壇）	2016/4/17	朝刊	22ページ
穂村弘選（歌壇）	2016/4/17	朝刊	22ページ
三枝タカ之選（歌壇）	2016/4/17	朝刊	22ページ
黒田杏子選（俳壇）	2016/4/17	朝刊	22ページ
大陸誕生、西之島にヒント——噴出マグマ、陸と成分酷似。	2016/4/17	朝刊	23ページ
チンパンジーと博士の知の探検（４８）京都大学高等研究院特別教授松沢哲郎——南米で人間の進化考える。	2016/4/17	朝刊	23ページ
地殻——地球表面のごく一部（キーワード）	2016/4/17	朝刊	23ページ
「禅—心をかたちに—」展——室町画僧の代表作（アートライフ）	2016/4/17	朝刊	24ページ
日経ミューズサロン、４月「ヴァハン・マルディロシアンピアノ・リサイタル」、他（公演）	2016/4/17	朝刊	24ページ
「バロン住友の美的生活」展第１部、「かざり−信仰と祭りのエネルギー」展、他（展覧会）	2016/4/17	朝刊	24ページ
ルノワール展——大胆な色彩で描く傑作（アートライフ）	2016/4/17	朝刊	24ページ
生誕３００年記念—若冲展——心とらえた一幅の墨絵（アートライフ）	2016/4/17	朝刊	24ページ
ウィーン・フォルクスオーパー日本公演——オペレッタの代表作上演（アートライフ）	2016/4/17	朝刊	24ページ
「フランスの風景樹をめぐる物語」展——近代風景画の進展を探る（アートライフ）	2016/4/17	朝刊	24ページ
没後２０年ルーシー・リー展——静岡で最後の巡回展（アートライフ）	2016/4/17	朝刊	24ページ
日本人の精神「かざり」でよむ、５月１５日まで開催中（アートライフ）	2016/4/17	朝刊	24ページ
アンコール王朝、栄華伝える彫像、１１６件紹介（アートライフ）	2016/4/17	朝刊	24ページ
特集——日本経済新聞電子版、ビジュアルデータで読む、グラフや写真、トレンドに迫る。	2016/4/17	朝刊	25ページ
特集——日本経済新聞電子版、「歴女」から「プ女」へ。	2016/4/17	朝刊	25ページ
Ｊ１第１ステージ第７節——川崎、逆転で首位堅持、大久保２発、小林Ｖ弾。	2016/4/17	朝刊	28ページ
東建ホームメイトカップ——金庚泰、首位守る。	2016/4/17	朝刊	28ページ
東建ホームメイトカップ——新入社員近藤です、１８番ダボも２位追走。	2016/4/17	朝刊	28ページ
７８キロ超級代表決着へ、五輪かけ全日本女子柔道、きょう。	2016/4/17	朝刊	28ページ
イレブン——鹿島・土居、ケガ乗り越え２戦連発、寡黙な父からメール「きいた」。	2016/4/17	朝刊	28ページ
Ｊ１第１ステージ第７節——前線そろい踏み、浦和が３発快勝。	2016/4/17	朝刊	28ページ
東建ホームメイトカップ——熊本から妻応援、重永４打伸ばす。	2016/4/17	朝刊	28ページ
Ｊ１第１ステージ第７節——甲府のチュカ、来日初ゴール。	2016/4/17	朝刊	28ページ
日本から世界に行く方法（ボロテリースタイル）	2016/4/17	朝刊	28ページ
スーパーラグビー——負傷離脱増え、初勝利険しく、サンウルブズ７連敗。	2016/4/17	朝刊	28ページ
米女子ゴルフ、野村１２位浮上。	2016/4/17	朝刊	28ページ
Ｊ１第１ステージ第７節——大宮先制実らず、ホーム勝利逃す。	2016/4/17	朝刊	28ページ
Ｊ１第１ステージ第７節——ＦＣ東京監督「決定力の差」。	2016/4/17	朝刊	28ページ
Ｊ１第１ステージ第７節。	2016/4/17	朝刊	28ページ
巨人、広島——クルーズ、とどめの一発、接戦制し首位浮上、「黒田も人の子」５回でＫＯ。	2016/4/17	朝刊	29ページ
スナップ——中田、次女誕生祝う４打点、はやる気持ち抑え適時打。	2016/4/17	朝刊	29ページ
杉山が起死回生、逆転サヨナラ打、中日。	2016/4/17	朝刊	29ページ
オリエース金子、再び乱調７失点、８回に崩れ逆転負け。	2016/4/17	朝刊	29ページ
川本、個人追い抜きＶ、日本パラサイクリング。	2016/4/17	朝刊	29ページ
マカヒキ初騎乗、川田が鍵（ターフの目）	2016/4/17	朝刊	29ページ
地震で試合中止、きょう以降も、巨人戦やＪリーグなど。	2016/4/17	朝刊	29ページ
男子１０キロ競歩で日本新、リオ代表の高橋。	2016/4/17	朝刊	29ページ
関西学生野球——立命大の東が無安打無得点、京大に勝利。	2016/4/17	朝刊	29ページ
下位打線が奮起、西武連敗止める。	2016/4/17	朝刊	29ページ
ヤクルトの谷内、活気づける一打。	2016/4/17	朝刊	29ページ
家に戻った直後本震、後片付けの住民襲う。	2016/4/17	朝刊	30ページ
銃見せて携行、米で論争——テキサス州、規制緩和、「犯罪が減る」「生活に不要」（世界の鼓動）	2016/4/17	朝刊	30ページ
家に戻った直後本震——文化財にも大きな被害、阿蘇神社の重文「楼門」倒壊。	2016/4/17	朝刊	30ページ
耐性菌対策で行程表、アジアなど１２ヵ国が声明。	2016/4/17	朝刊	30ページ
家に戻った直後本震——緊急地震速報で過大な震度予測、気象庁が陳謝。	2016/4/17	朝刊	30ページ
避難９万人疲労濃く、水や食料、不足深刻に、給水に３時間待ちの列。	2016/4/17	朝刊	31ページ
九州北部、地震で地盤緩んだ可能性、大雨警報「避難早めに」。	2016/4/17	朝刊	31ページ
避難９万人疲労濃く——道路寸断で温泉宿が孤立、ヘリで客を救助。	2016/4/17	朝刊	31ページ
避難９万人疲労濃く——生き埋め、学生２人死亡。	2016/4/17	朝刊	31ページ
立山連峰を貫き、富山と長野を結ぶ観光路「立山黒部アルペンルート」が１６日、４カ月半ぶりに全線開通し（窓）	2016/4/17	朝刊	31ページ
避難９万人疲労濃く——突然の訃報、家族ら悲しみ、「長生きすると思っていた」、「祖父母、仲良くしてくれた」。	2016/4/17	朝刊	31ページ
交差点で車衝突、小５の男児死亡、千葉。	2016/4/17	朝刊	31ページ
家事と小説、滝口悠生（文化）	2016/4/17	朝刊	32ページ
福澤武（１６）年上の下級生——狐狸庵先生に講演依頼、読書合宿、Ｅ・Ｈ・カーに学ぶ（私の履歴書）	2016/4/17	朝刊	32ページ
危機言語の価値向上を、井上史雄（現代ことば考）	2016/4/17	朝刊	32ページ
牡丹、大矢紀。	2016/4/17	朝刊	32ページ
熊本Ｍ７．３「本震」、阪神級、死者計２０人、震度６クラス相次ぐ。	2016/4/16	夕刊	1ページ
Ｇ２０会議、米長官「為替の動き秩序的」、日本の円安誘導けん制。	2016/4/16	夕刊	1ページ
熊本Ｍ７．３「本震」——阿蘇・大分でも地震、熊本の北東、活動の広がり警戒。	2016/4/16	夕刊	1ページ
Ｇ２０会議——税逃れ対策、制裁検討、非協力の国、実効は不透明、Ｇ２０合意。	2016/4/16	夕刊	1ページ
熊本Ｍ７．３「本震」——自衛隊増員、２万人態勢。	2016/4/16	夕刊	1ページ
時計を忘れて——評論家矢野誠一（あすへの話題）	2016/4/16	夕刊	1ページ
ＱＵＩＣＫ月次調査＜株式＞。	2016/4/16	夕刊	2ページ
銀行株高、持続力あるか（ウォール街ラウンドアップ）	2016/4/16	夕刊	2ページ
円反発、１０８円７０〜８０銭（為替）	2016/4/16	夕刊	2ページ
ＮＹ金、３日ぶり反発（商品）	2016/4/16	夕刊	2ページ
＜数表＞英独仏が反落（欧州株）	2016/4/16	夕刊	2ページ
＜数表＞米国株。	2016/4/16	夕刊	2ページ
＜数表＞４月１５日取引所ＦＸ。	2016/4/16	夕刊	2ページ
＜数表＞海外商品先物・現物、世界の商品指数、ＬＭＥ非鉄在庫、他。	2016/4/16	夕刊	2ページ
＜数表＞生鮮食品。	2016/4/16	夕刊	2ページ
＜数表＞海外為替、海外金利、海外金融先物、ＣＭＥ日経平均先物、他。	2016/4/16	夕刊	2ページ
＜数表＞ニューヨーク株式、ナスダック株式、ロンドン株式、フランクフルト株式。	2016/4/16	夕刊	2ページ
熊本Ｍ７．３「本震」——政府、早期救命に全力、未明対応、天候も懸念、米軍支援受け入れ検討。	2016/4/16	夕刊	3ページ
ロボ兵器、規制検討を、非公式会合が勧告、国際協議へ前進。	2016/4/16	夕刊	3ページ
中国「成長なお高水準」、財政相、構造改革に意欲、Ｇ２０会議。	2016/4/16	夕刊	3ページ
「レコード店の日」ファン熱狂、渋谷の専門店、１５０人が列。	2016/4/16	夕刊	3ページ
ブラジル大統領、弾劾審議始まる、下院本会議。	2016/4/16	夕刊	3ページ
米シェール中堅、原油安響き破綻。	2016/4/16	夕刊	3ページ
北朝鮮ミサイル、安保理「強く非難」——米も挑発を非難。	2016/4/16	夕刊	3ページ
北朝鮮ミサイル、安保理「強く非難」。	2016/4/16	夕刊	3ページ
熊本Ｍ７．３「本震」——「影響を注視」、日銀総裁。	2016/4/16	夕刊	3ページ
テレビ「流れ」で見せる——春の改編、ターゲット層明確に（オフナビ）	2016/4/16	夕刊	4ページ
２０歳の旅、しまおまほ（プロムナード）	2016/4/16	夕刊	4ページ
ネットＣＭ——時間と人の制約なし（品田英雄のためになるエンタメ）	2016/4/16	夕刊	4ページ
禁煙外来などに関する市民公開講座、頭頸部がんに関する市民公開講座、乳がんに関する市民公開講座（健康がいどガイド）	2016/4/16	夕刊	4ページ
こけし第３のブーム、高橋五郎さんに聞く——玩具から大人の癒やし、伝統忘れず後世に。	2016/4/16	夕刊	5ページ
こころ編集室から。	2016/4/16	夕刊	5ページ
備讃瀬戸の島々（７）大島のハンセン病療養所——鎮魂の碑、宿る悲しみ（ふるさと再訪）	2016/4/16	夕刊	5ページ
日本橋の息吹広く世に（うたた寝）	2016/4/16	夕刊	5ページ
熊本Ｍ７．３「本震」、連夜の恐怖、収束いつ、周辺活断層も活発に、１４日の震度７「前震」。	2016/4/16	夕刊	8ページ
熊本Ｍ７．３「本震」——気象庁「予測困難」。	2016/4/16	夕刊	8ページ
下請けから１億４０００万円、清水建設発注担当、不正流用の疑い。	2016/4/16	夕刊	8ページ
イノシシ——トラクター並みの鼻力（野のしらべ）	2016/4/16	夕刊	8ページ
熊本Ｍ７．３「本震」——交通網、ライフライン寸断、救助、支障の恐れ。	2016/4/16	夕刊	8ページ
スーパーラグビー——悪夢の地で９２失点、攻撃ばらばら、守備崩壊。	2016/4/16	夕刊	8ページ
九州関連のプロ野球・サッカー中止。	2016/4/16	夕刊	8ページ
熊本Ｍ７．３「本震」——夜から大雨・強風、九州地方、土砂災害警戒。	2016/4/16	夕刊	8ページ
韓国セウォル号、沈没２年で追悼、遺族、政府へ不信感なお。	2016/4/16	夕刊	8ページ
大リーグ——カブスの川崎、マイナー降格。	2016/4/16	夕刊	8ページ
清武、被災地気遣う、弟がＪ２熊本でプレー。	2016/4/16	夕刊	8ページ
ＷＡＤＡ、薬物検査の改革、２年必要と見解。	2016/4/16	夕刊	8ページ
スーパーラグビー——サンウルブズ開幕７連敗。	2016/4/16	夕刊	8ページ
大リーグ——田沢と上原、無失点リレー、チーム勝利に貢献。	2016/4/16	夕刊	8ページ
熊本Ｍ７．３「本震」——益城、懸命の救出続く。	2016/4/16	夕刊	9ページ
熊本Ｍ７．３「本震」——熊本、ビル１階ぐしゃり。	2016/4/16	夕刊	9ページ
熊本Ｍ７．３「本震」——市庁舎、倒壊の恐れ、宇土、屋外に災害対策本部。	2016/4/16	夕刊	9ページ
熊本Ｍ７．３「本震」——阿蘇山が小規模噴火。	2016/4/16	夕刊	9ページ
三角哲生氏（元文部事務次官、二階堂学園理事長）（死去）	2016/4/16	夕刊	9ページ
不正アクセス認め結審、元岐阜県職員、初公判（ピックアップ）	2016/4/16	夕刊	9ページ
元警部補の有罪確定へ、捜査情報漏洩事件（ピックアップ）	2016/4/16	夕刊	9ページ
熊本Ｍ７．３「本震」、橋が崩落、山肌あらわ、家屋崩壊、ぼうぜん、南阿蘇「村の孤立心配」。	2016/4/16	夕刊	9ページ
熊本Ｍ７．３「本震」——大分でも土砂崩れ、湯布院、観光客ら避難。	2016/4/16	夕刊	9ページ
運送会社に賠償命令、大阪地裁、「過重勤務で死亡」。	2016/4/16	夕刊	9ページ
ボンネットに人乗せ蛇行運転、容疑の手配男逮捕。	2016/4/16	夕刊	9ページ
文学周遊（５０８）奈良県・曽爾村——田辺聖子「隼別王子の叛乱」。	2016/4/16	夕刊	10ページ
うな丼はいつ生まれたか（遠みち近みち）	2016/4/16	夕刊	10ページ
永住権緩和で人材誘致、在留３年未満の経営者や研究者、成長を後押し。	2016/4/16	朝刊	1ページ
熊本地震、余震続く、悪天候、二次災害に警戒、負傷１０００人超。	2016/4/16	朝刊	1ページ
東芝、１．４万人削減、計画比３割増、早期退職に３４００人。	2016/4/16	朝刊	1ページ
アップル、ｉＰｈｏｎｅ減産継続、４〜６月も３割。	2016/4/16	朝刊	1ページ
熊本地震、余震続く——交付税前倒し検討、首相きょう訪問。	2016/4/16	朝刊	1ページ
山岸章氏死去、連合の初代会長、８６歳。	2016/4/16	朝刊	1ページ
旅が好きな人なら、熊本県の日奈久の名にぴんとくるかもしれない（春秋）	2016/4/16	朝刊	1ページ
中国停滞、見えぬ出口、１〜３月６．７％成長に減速、製造業不振、消費も陰り。	2016/4/16	朝刊	2ページ
発電用石炭９年ぶり安値、１６年度１割下げ合意、電力会社、値下げ要因に。	2016/4/16	朝刊	2ページ
ふるさと納税、曲がり角、返礼品競争、総務省が自粛求める、「宴の後」税収展望どう描く（真相深層）	2016/4/16	朝刊	2ページ
安定成長狙う中国は改革の公約実行を（社説）	2016/4/16	朝刊	2ページ
再点検が要る直下地震対策（社説）	2016/4/16	朝刊	2ページ
スポーツ——桃田を勘違いさせたもの、さぁＷ杯アジア最終予選へ（電子版ＳＥＬＥＣＴ）	2016/4/16	朝刊	2ページ
浅い震源、局地被害、熊本地震、強い揺れは２０キロ圏内。	2016/4/16	朝刊	3ページ
セブン＆アイ社長、井阪氏承認、鈴木氏の処遇、なお混乱、名誉職にも社外役員反発。	2016/4/16	朝刊	3ページ
ＡＩ・ロボット、３０兆円市場に、政府、ＧＤＰ６００兆円へ目標。	2016/4/16	朝刊	3ページ
浅い震源、局地被害、熊本地震——製造業、再開へ全力、設備や部品供給、復旧急ぐ。	2016/4/16	朝刊	3ページ
高度人材——学歴や職歴…ポイントつけ認定（きょうのことば）	2016/4/16	朝刊	3ページ
日ロ首脳、来月６日会談、ソチで、訪ロ後に平和条約交渉、外相、経済・安保協議の加速一致。	2016/4/16	朝刊	4ページ
税収上振れ分、意見分かれる、諮問会議は「政策税源に」。	2016/4/16	朝刊	4ページ
ＴＰＰ審議、熊本地震で見送り、与野党、週明け再開へ。	2016/4/16	朝刊	4ページ
産学の開発拠点設置を、経産省有識者会議。	2016/4/16	朝刊	4ページ
周遊ルート策定を、東北振興へ有識者提言、復興庁。	2016/4/16	朝刊	4ページ
竹島・尖閣、領有権裏付け、新資料７５０点公開。	2016/4/16	朝刊	4ページ
在職、あす戦後歴代５位、安倍首相１５７５日に。	2016/4/16	朝刊	4ページ
外交青書の竹島記述批判、韓国外務省。	2016/4/16	朝刊	4ページ
緊急事態条項「重い課題」、熊本地震で官房長官。	2016/4/16	朝刊	4ページ
沖縄県から２２日意見聴取、辺野古移設で総務省機関。	2016/4/16	朝刊	4ページ
税収上振れ分、意見分かれる——「債務削減に」、財制審はけん制。	2016/4/16	朝刊	4ページ
「０増６減」法案、２２日に審議入り。	2016/4/16	朝刊	4ページ
非自民貫いたワンマン、山岸章氏死去、細川政権の立役者（評伝）	2016/4/16	朝刊	4ページ
４月１５日（首相官邸）	2016/4/16	朝刊	4ページ
災害時の課題浮き彫り（記者手帳）	2016/4/16	朝刊	4ページ
非自民貫いたワンマン、山岸章氏死去——「ただただ無念」、小沢氏。	2016/4/16	朝刊	4ページ
経団連、ＥＵの税逃れ対策厳格化に反発、報告義務、Ｇ２０ルールに上乗せ、機密流出を懸念。	2016/4/16	朝刊	5ページ
財務相、日銀に余地残す、「Ｇ２０合意、金融政策制約せず」、緩和限界論を払拭。	2016/4/16	朝刊	5ページ
東京海上日動、米子会社に運用委託、２年間で２０００億円。	2016/4/16	朝刊	5ページ
金融機関、熊本地震に対応、生保、全額支払いへ、銀行、ローン金利下げ。	2016/4/16	朝刊	5ページ
ネット普及、産学参加で、Ｇ７情報通信相会合、中ロの国家介入けん制へ。	2016/4/16	朝刊	5ページ
長期金利、１カ月ぶり低水準。	2016/4/16	朝刊	5ページ
日欧ＥＰＡ交渉、関税協議が難航。	2016/4/16	朝刊	5ページ
監視委がクレディ・スイスの処分勧告。	2016/4/16	朝刊	5ページ
金融機関、熊本地震に対応——被災中小企業の相談窓口を開設、経産省。	2016/4/16	朝刊	5ページ
だいこう証券、金融の専門人材、地銀などに紹介。	2016/4/16	朝刊	5ページ
製造工業稼働率２月５．４％低下、輸送機械など低調。	2016/4/16	朝刊	5ページ
米中、通貨安競争回避で一致、財務相会談。	2016/4/16	朝刊	5ページ
生保協会長、銀行窓販の販売手数料「開示へ検討」。	2016/4/16	朝刊	5ページ
金融機関、熊本地震に対応——貯金の引き出し、通帳なしで可能、日本郵政、熊本で１カ月。	2016/4/16	朝刊	5ページ
生保協会長に明治安田生命社長の根岸氏内定。	2016/4/16	朝刊	5ページ
＜数表＞日経ナウキャスト日次物価指数。	2016/4/16	朝刊	5ページ
放射性廃棄物、日本で処理、仏ヴェオリア、廃炉需要見据え、フレロＣＥＯ、「水道料金下げ可能」。	2016/4/16	朝刊	6ページ
マイクロソフトが司法省提訴、情報開示、対立が再燃、米ＩＴ対政府。	2016/4/16	朝刊	6ページ
パナマ文書問題、税逃れどう防ぐ、ＯＥＣＤ租税センター局長パスカル・サンタマン氏、途上国と情報共有、支援。	2016/4/16	朝刊	6ページ
パナマ文書問題、税逃れどう防ぐ——早稲田大学大学院教授青山慶二氏、取引の実態見極め必要。	2016/4/16	朝刊	6ページ
中国６．７％成長、専門家の見方、景気下支え、ひとまず歯止め、中期では減速避けられず。	2016/4/16	朝刊	6ページ
スペイン産業相、疑惑で辞任表明。	2016/4/16	朝刊	6ページ
パキスタン首相を「出品」、パナマ文書批判、競売サイトに。	2016/4/16	朝刊	6ページ
ロック解除開示、米司法省はせず、ｉＰｈｏｎｅ巡り。	2016/4/16	朝刊	6ページ
米シティ、純利益２７％減、１〜３月。	2016/4/16	朝刊	6ページ
英のＥＵ離脱、賛否拮抗、国民投票へ論戦開始、首相「残留こそ国益」、離脱派「主権取り戻す」。	2016/4/16	朝刊	7ページ
北朝鮮さらなる挑発も、ミサイル発射失敗、党大会まで継続か。	2016/4/16	朝刊	7ページ
中国、ミサイル発射に不快感。	2016/4/16	朝刊	7ページ
北朝鮮の挑発行動、自制求める、日ロ外相が会談。	2016/4/16	朝刊	7ページ
韓国どこへ総選挙与党大敗（中）穏健保守層、野党に向かう——首都圏に異変、若者も動く。	2016/4/16	朝刊	7ページ
民主、地元ＮＹ州対決へ、米大統領予備選、ＴＶ討論会（ダイジェスト）	2016/4/16	朝刊	7ページ
欧州新車販売、３月５．２％増（ダイジェスト）	2016/4/16	朝刊	7ページ
米、空母視察で中国けん制（ダイジェスト）	2016/4/16	朝刊	7ページ
米鉱工業生産、３月０．６％低下（ダイジェスト）	2016/4/16	朝刊	7ページ
中国軍高官が南沙諸島視察（ダイジェスト）	2016/4/16	朝刊	7ページ
８月に政策金利の指標変更（ダイジェスト）	2016/4/16	朝刊	7ページ
ベルギー交通相が辞任（ダイジェスト）	2016/4/16	朝刊	7ページ
原油安、従業員３分の１削減、サプラクンチャナ、掘削市場低迷で。	2016/4/16	朝刊	9ページ
シンガポールＧＩＣ、仏ＲＥＩＴに１４６億円出資、カナダ、印に続き。	2016/4/16	朝刊	9ページ
春秋、アジアでホテル、旅行・ＬＣＣに次ぐ柱に、王董事長インタビュー、「日本では積極投資」（Ａｓｉａ３００）	2016/4/16	朝刊	9ページ
アリババ、クラウド分野で新技術（ビジネスカレンダー）	2016/4/16	朝刊	9ページ
ＳＳＩグループ（フィリピン）——減益を嫌気、利益確定売りも（アジア注目銘柄）	2016/4/16	朝刊	9ページ
オラム・インターナショナル、家畜飼料などに１６３億円（アジアフラッシュ）	2016/4/16	朝刊	9ページ
米リンクトイン、国外初のデータセンター（アジアフラッシュ）	2016/4/16	朝刊	9ページ
シンガポール・テレコム、インドネシアで動画配信（アジアフラッシュ）	2016/4/16	朝刊	9ページ
ＯＣＢＣ、資産管理用アプリを提供（アジアフラッシュ）	2016/4/16	朝刊	9ページ
キッザニア、シンガポールで開業（アジアフラッシュ）	2016/4/16	朝刊	9ページ
中国中鉄、海外売上高比率１０％超に（アジアフラッシュ）	2016/4/16	朝刊	9ページ
台湾水泥、市況「回復の兆し」（アジアフラッシュ）	2016/4/16	朝刊	9ページ
＜数表＞今週のアジア通貨。	2016/4/16	朝刊	9ページ
７０歳以上も店の戦力、食品スーパーのライフやマルエツ、雇用条件を緩和、パート勤務、人手不足補う。	2016/4/16	朝刊	11ページ
シャープ本社移転先、堺工場を検討、鴻海側も要望。	2016/4/16	朝刊	11ページ
三菱電機、船舶にもＩｏＴ、省エネ提案、いかりなど集中管理。	2016/4/16	朝刊	11ページ
ＪＲ、ＧＷの予約７％増、旅客６社、北海道新幹線追い風。	2016/4/16	朝刊	11ページ
ソフト会社、タイで設立、デンソーと豊田通商。	2016/4/16	朝刊	11ページ
ルネサス再生、車大手が主導、日産人脈の呉氏が新社長に、くすぶる再編観測（ビジネスＴＯＤＡＹ）	2016/4/16	朝刊	11ページ
米スターバックスとサントリー食品インターナショナル、バニラとカスタード香るラテ（Ｗｈａｔ’ｓＮｅｗ）	2016/4/16	朝刊	11ページ
シチズン時計、アナログ腕時計、２．９８ミリの薄型（Ｗｈａｔ’ｓＮｅｗ）	2016/4/16	朝刊	11ページ
レゴジャパン、レゴのＩＣＴ教材（Ｗｈａｔ’ｓＮｅｗ）	2016/4/16	朝刊	11ページ
仮想現実、利用広がる、筋肉に刺激与え触覚再現、歯医者嫌いも素直に治療。	2016/4/16	朝刊	12ページ
セコム、マイナンバー漏洩防止へ専用端末、偽サイトつながらず。	2016/4/16	朝刊	12ページ
リコー、環境技術の開発拠点、「廃プラから水素」など。	2016/4/16	朝刊	12ページ
キッザニア、出展企業と協力し就業を応援。	2016/4/16	朝刊	12ページ
三菱重工が豪に現法、次期潜水艦の受注狙う。	2016/4/16	朝刊	12ページ
モノタロウ、当日出荷品目２倍に、茨城に物流新拠点。	2016/4/16	朝刊	12ページ
スズキがメガソーラー、７９億円で静岡に、発電能力２万キロワット。	2016/4/16	朝刊	12ページ
ナカバヤシ、福岡の家具メーカー買収。	2016/4/16	朝刊	12ページ
製造派遣大手の日総工産、宮城に技術者訓練施設。	2016/4/16	朝刊	12ページ
アウディ販売店、大阪で３店開業。	2016/4/16	朝刊	12ページ
パソコン機器大手メルコＨＤ、製麺のシマダヤに出資。	2016/4/16	朝刊	12ページ
名鉄運輸社長に内田副社長が昇格。	2016/4/16	朝刊	12ページ
穀物商社大手シンガポールのオラム、三菱商事と合弁。	2016/4/16	朝刊	12ページ
名鉄百貨店社長に黒野氏。	2016/4/16	朝刊	12ページ
勝野新会長を電事連が発表。	2016/4/16	朝刊	12ページ
松田産業（会社人事）	2016/4/16	朝刊	12ページ
トヨタ自動車（会社人事）	2016/4/16	朝刊	12ページ
永谷園ホールディングス（会社人事）	2016/4/16	朝刊	12ページ
古河電気工業（会社人事）	2016/4/16	朝刊	12ページ
大日本住友製薬（会社人事）	2016/4/16	朝刊	12ページ
Ｈａｍｅｅ（会社人事）	2016/4/16	朝刊	12ページ
ケアサービス（会社人事）	2016/4/16	朝刊	12ページ
安川情報システム（会社人事）	2016/4/16	朝刊	12ページ
高圧ガス工業（会社人事）	2016/4/16	朝刊	12ページ
トーヨーアサノ（会社人事）	2016/4/16	朝刊	12ページ
リソー教育（会社人事）	2016/4/16	朝刊	12ページ
バークレイズ証券（会社人事）	2016/4/16	朝刊	12ページ
日本Ｍ＆Ａセンター（会社人事）	2016/4/16	朝刊	12ページ
日本精工（会社人事）	2016/4/16	朝刊	12ページ
浅香工業（会社人事）	2016/4/16	朝刊	12ページ
オークワ（会社人事）	2016/4/16	朝刊	12ページ
東芝（会社人事）	2016/4/16	朝刊	12ページ
エコートレーディング（会社人事）	2016/4/16	朝刊	12ページ
ＳＭＢＣコンサルティング（会社人事）	2016/4/16	朝刊	12ページ
ルネサスエレクトロニクス（会社人事）	2016/4/16	朝刊	12ページ
みずほ銀行（会社人事）	2016/4/16	朝刊	12ページ
一六堂（会社人事）	2016/4/16	朝刊	12ページ
北沢産業（会社人事）	2016/4/16	朝刊	12ページ
きょくとう（会社人事）	2016/4/16	朝刊	12ページ
ヤマダコーポレーション（会社人事）	2016/4/16	朝刊	12ページ
オーハシテクニカ（会社人事）	2016/4/16	朝刊	12ページ
レイ（会社人事）	2016/4/16	朝刊	12ページ
ＡＧＳ（会社人事）	2016/4/16	朝刊	12ページ
ファンデリー（会社人事）	2016/4/16	朝刊	12ページ
ヤマダ電機（会社人事）	2016/4/16	朝刊	12ページ
コンドーテック（会社人事）	2016/4/16	朝刊	12ページ
シャルレ（会社人事）	2016/4/16	朝刊	12ページ
攻めるガス、守る電力、小売り自由化２週間、東ガスは２６万件。	2016/4/16	朝刊	13ページ
「０円」ａｕにも注意、総務省、是正を強化、線引き曖昧、現場混乱。	2016/4/16	朝刊	13ページ
カップ麺、ベトナムで増産、エースコック、高価格品を開拓。	2016/4/16	朝刊	13ページ
ＭＭＪ、北海道に工場、脱ＪＡでバター加工、自由化にらみ酪農家と組む。	2016/4/16	朝刊	13ページ
割安電力プランを提示、パナソニックがアプリ、利用歴分析で。	2016/4/16	朝刊	13ページ
フレッシュネスが値上げ、１０〜４０円、ハンバーガーなど。	2016/4/16	朝刊	13ページ
日本ロジテックが破産手続き開始、負債総額１６３億円。	2016/4/16	朝刊	13ページ
日本たばこ産業、たばこ販売、２カ月連続増。	2016/4/16	朝刊	13ページ
グンゼ、衣料専門店２社を買収、小売りノウハウ取得。	2016/4/16	朝刊	13ページ
エディオン、オーダーカーテン販売に参入。	2016/4/16	朝刊	13ページ
ブライダル商品をネットで通販、ヨンドシーＨＤ。	2016/4/16	朝刊	13ページ
東京五輪のスポンサーに、キッコーマン。	2016/4/16	朝刊	13ページ
米ティファニー日本法人ティファニー・アンド・カンパニー・ジャパン・インク、そごう大宮店の店舗拡充。	2016/4/16	朝刊	13ページ
三井金属西田社長（ニュース一言）	2016/4/16	朝刊	13ページ
ストックオプションの活用、昨年度、１０年ぶり最高、６５４社に、企業統治指針も後押し。	2016/4/16	朝刊	15ページ
博報堂ＤＹ、営業益最高、前期、４期連続、ネット広告伸び４３０億円、コスト削減策も奏功。	2016/4/16	朝刊	15ページ
社債、売買代金最低に、昨年度２０．６兆円、超低金利が影響。	2016/4/16	朝刊	15ページ
神戸鋼、現金１０００億円確保、今後５年、資産売却や投資圧縮。	2016/4/16	朝刊	15ページ
信越ポリマー７割増益、前期営業３８億円、車用部品伸びる。	2016/4/16	朝刊	15ページ
ＲＥＩＴ２法人合併、大和ハウス系、資産規模５０００億円超。	2016/4/16	朝刊	15ページ
ツガミ下方修正、純利益８３％減、前期、中国減速響く。	2016/4/16	朝刊	15ページ
モバファク、営業益２．２倍。	2016/4/16	朝刊	15ページ
日本空調の前期、純利益２６％減、退職給付債務膨らむ。	2016/4/16	朝刊	15ページ
アトネイチャ、純利益１８％減、前期、競争激化。	2016/4/16	朝刊	15ページ
＜数表＞財務短信。	2016/4/16	朝刊	15ページ
＜数表＞業績予想修正・配当異動。	2016/4/16	朝刊	15ページ
＜数表＞本決算（決算数字）	2016/4/16	朝刊	15ページ
決算書のイロハ（１０）会計基準——ルール違えば数字も変わる（わかる財務）	2016/4/16	朝刊	15ページ
＜数表＞第３四半期（決算数字）	2016/4/16	朝刊	15ページ
＜数表＞第１四半期（決算数字）	2016/4/16	朝刊	15ページ
近鉄グループホールディングス（９０４１）（格付け）	2016/4/16	朝刊	15ページ
東京急行電鉄（９００５）（格付け）	2016/4/16	朝刊	15ページ
北陸電力（９５０５）（格付け）	2016/4/16	朝刊	15ページ
ツガミ（自社株取得枠設定）	2016/4/16	朝刊	15ページ
トラスコ中山（９８３０）（格付け）	2016/4/16	朝刊	15ページ
銘柄管理情報＝新規上場、商号変更。	2016/4/16	朝刊	16ページ
１５日の相場表変更。	2016/4/16	朝刊	16ページ
東証、エディア株を制度信用銘柄に選定。	2016/4/16	朝刊	16ページ
日証金、マネパＧ株の貸借取引の申込停止措置の解除および貸株利用等に関する注意喚起。	2016/4/16	朝刊	16ページ
東証、メンバーズ株を制度信用銘柄に選定。	2016/4/16	朝刊	16ページ
日証金、Ｒフィールド株の貸借取引で注意喚起。	2016/4/16	朝刊	16ページ
東証、シリコンスタ株の日々公表銘柄指定を解除。	2016/4/16	朝刊	16ページ
「リスクオン」日本にも——株、需給改善で楽観論浮上（スクランブル）	2016/4/16	朝刊	16ページ
清水建——一時４％上昇、２５年ぶり最高益を好感（銘柄診断）	2016/4/16	朝刊	16ページ
円反発、１０９円２９〜３１銭（為替）	2016/4/16	朝刊	16ページ
反落、下げ幅は限定的（株式）	2016/4/16	朝刊	16ページ
１０年、マイナス０．１１５％（金利）	2016/4/16	朝刊	16ページ
高安まちまち（アジア株）	2016/4/16	朝刊	16ページ
天然ゴムが続落（商品）	2016/4/16	朝刊	16ページ
＜数表＞裁定取引に伴う現物株売買および残高。	2016/4/16	朝刊	16ページ
＜数表＞株価指数先物・配当指数先物・ＶＩ先物。	2016/4/16	朝刊	16ページ
＜数表＞日経平均先物の主な手口。	2016/4/16	朝刊	16ページ
＜数表＞４月１５日株式市場。	2016/4/16	朝刊	16ページ
＜数表＞４月１５日ランキング、東証１部、東証２部、ジャスダック。	2016/4/16	朝刊	16ページ
＜数表＞業種別日経平均（５００種）	2016/4/16	朝刊	16ページ
＜数表＞貸借取引残高。	2016/4/16	朝刊	16ページ
＜数表＞４月１５日商品先物。	2016/4/16	朝刊	16ページ
＜数表＞４月１５日外為市場。	2016/4/16	朝刊	16ページ
＜数表＞４月１５日（市場体温計）	2016/4/16	朝刊	16ページ
＜数表＞公社債投信基準価格。	2016/4/16	朝刊	16ページ
＜数表＞株式市場の投資指標。	2016/4/16	朝刊	16ページ
中国関連株が下落、成長減速で利益確定売り。	2016/4/16	朝刊	17ページ
シンガポールドル安値圏、緩和政策を展開、インドルピーも安い。	2016/4/16	朝刊	17ページ
ＬＭＥアルミ５％上昇、直近安値比、中国株高を材料視。	2016/4/16	朝刊	17ページ
マザーズ売買高、３カ月ぶり活況、バイオ関連に資金。	2016/4/16	朝刊	17ページ
商品先物納会受渡枚数。	2016/4/16	朝刊	17ページ
社債金利、低下どこまで、長期投資家の苦悩一段と、トヨタ系、過去最低で調達（ポジション）	2016/4/16	朝刊	17ページ
取締役会と秘密投票（大機小機）	2016/4/16	朝刊	17ページ
＜数表＞空売り比率。	2016/4/16	朝刊	17ページ
＜数表＞４月１５日債券市場。	2016/4/16	朝刊	17ページ
＜数表＞４月１５日短期金融市場。	2016/4/16	朝刊	17ページ
資源商社大手、原油調達、前払い契約拡大、供給過剰、長期化の一因に。	2016/4/16	朝刊	18ページ
ナッツ類の国際価格急落、高値敬遠、中国など買い控え、国内卸値も一部で３割安。	2016/4/16	朝刊	18ページ
合繊、１０カ月ぶり反発、供給過剰で上昇力は弱く、アジア価格。	2016/4/16	朝刊	18ページ
熊本地震、生鮮市場への影響限定的、週明け以降に品薄懸念。	2016/4/16	朝刊	18ページ
ＤＲＡＭ、２カ月ぶり下落、大口価格。	2016/4/16	朝刊	18ページ
世界の砂糖供給量、１１４０万トンの不足に、１５〜１６年度、英商社予測。	2016/4/16	朝刊	18ページ
コメ、３カ月連続下落、３月小売価格、年度末の特売増加。	2016/4/16	朝刊	18ページ
海運指数５９７に、１５日連続上昇、大型船の用船料回復。	2016/4/16	朝刊	18ページ
＜数表＞４月１５日日経商品指数１７種、デイリー、ウイークリー、他（主要相場）	2016/4/16	朝刊	18ページ
＜数表＞４月１５日荷受市場（主要相場）	2016/4/16	朝刊	18ページ
＜数表＞４月１５日卸売市場（主要相場）	2016/4/16	朝刊	18ページ
＜数表＞４月１５日アジア市況、輸入生鮮（主要相場）	2016/4/16	朝刊	18ページ
プロの円売買動向に学ぶ——相場反転の重要なサインに（Ｓａｔｕｒｄａｙマネー道場）	2016/4/16	朝刊	20ページ
トピック——物流ＲＥＩＴの裾野広がる、ネット通販、普及追い風（金融アイテムレビュー）	2016/4/16	朝刊	20ページ
トピック——ＷＡＹＳ学資プラン（アメリカンファミリー生命保険）、入学に合わせ解約可能（金融アイテムレビュー）	2016/4/16	朝刊	20ページ
ふやす——ＤＩＡＭ新興市場日本株ファンド（ＤＩＡＭアセットマネジメント）、訪問し成長力の高さ評価（金融アイテムレビュー）	2016/4/16	朝刊	20ページ
マイナス金利下でローン——住宅向け長期固定を軸に（はじめの一家修業中）	2016/4/16	朝刊	21ページ
二世帯住宅、注意点は？——ファイナンシャルプランナー久谷真理子さん、相続発生前に「分筆」も選択肢（家計のギモン）	2016/4/16	朝刊	21ページ
子だくさんで役員さん、原動力は（ＣＡＳＥ）	2016/4/16	朝刊	31ページ
女性活躍阻む夜間就業、生産性上げ労働の質競え——労働政策研究・研修機構主任研究員池田心豪（男女ギャップを斬る）	2016/4/16	朝刊	31ページ
マタログ（ＷＯＲＤ）	2016/4/16	朝刊	31ページ
特集——生誕３００年記念若冲展、壮麗な輝き、動植綵絵で新展示。	2016/4/16	朝刊	32ページ
特集——生誕３００年記念若冲展、生命の躍動、めくるめく色彩、濃密に。	2016/4/16	朝刊	33ページ
「思う存分走り切れた」、野口が引退会見。	2016/4/16	朝刊	37ページ
東建ホームメイトカップ——金庚泰が首位。	2016/4/16	朝刊	37ページ
東建ホームメイトカップ——故郷・熊本のために、永野・重永。	2016/4/16	朝刊	37ページ
ソフトバンク、楽天——内川、真価示す決勝弾、則本の失投逃さず。	2016/4/16	朝刊	37ページ
Ｊ１第１ステージ第７節——劣勢耐え幸運な得点。	2016/4/16	朝刊	37ページ
５年目・松本、プロ初打点、日本ハム。	2016/4/16	朝刊	37ページ
中日・ビシエド、１０試合ぶり一発。	2016/4/16	朝刊	37ページ
東建ホームメイトカップ——「パットがだめ」宮里優予選落ち。	2016/4/16	朝刊	37ページ
Ｊ１第１ステージ第７節——柏が初の連勝、Ｇ大阪を完封。	2016/4/16	朝刊	37ページ
バド協会強化費配分保留の意向、スポーツ庁長官。	2016/4/16	朝刊	37ページ
レアル、マンＣと対戦、欧州ＣＬ準決勝。	2016/4/16	朝刊	37ページ
神宮球場借用「期間が長い」、東京五輪巡り管理側。	2016/4/16	朝刊	37ページ
Ｊ１第１ステージ第７節——広島、新潟に辛勝。	2016/4/16	朝刊	37ページ
米女子ゴルフ、宮里藍と野村、２６位で並ぶ。	2016/4/16	朝刊	37ページ
則本初黒星、１球に泣く。	2016/4/16	朝刊	37ページ
また揺れた、募る不安——新幹線脱線、防止装置なく、現場、大きな揺れ「想定外」。	2016/4/16	朝刊	38ページ
選挙後「領収書隠せ」、田母神陣営、捜査を警戒か、選対事務局長。	2016/4/16	朝刊	38ページ
また揺れた、募る不安——病院も停電・断水、患者、転院や一時帰宅。	2016/4/16	朝刊	38ページ
姿勢制御装置に原因、「ひとみ」トラブル、回転と判断誤る。	2016/4/16	朝刊	38ページ
叙位。	2016/4/16	朝刊	38ページ
引き算の世界（５）「タラレバ娘」独身の女心——結婚したいけど「やめた」（解を探しに）終	2016/4/16	朝刊	38ページ
仁清、幻の茶つぼ、福井県立美術館に寄贈。	2016/4/16	朝刊	38ページ
また揺れた、募る不安、天井崩れるかも、大雨予報「降らないで」。	2016/4/16	朝刊	39ページ
鉄筋の切断、新たに６カ所、横浜のマンション。	2016/4/16	朝刊	39ページ
故上田正昭氏（京都大名誉教授）をしのぶ会。	2016/4/16	朝刊	39ページ
クラシックカーで公道約１１００キロを走り抜ける「ラ・フェスタ　プリマベラ　２０１６」が１５日始まり（窓）	2016/4/16	朝刊	39ページ
また揺れた、募る不安——祖母の死「実感湧かない」、無事願った孫、思い届かず。	2016/4/16	朝刊	39ページ
老人ホーム転落死、元職員、３回目起訴、入所者殺害で。	2016/4/16	朝刊	39ページ
東北復興工事で労基法違反容疑、鉄建を書類送検。	2016/4/16	朝刊	39ページ
高校野球「負けろ」発言、滋賀県議、学校に謝罪。	2016/4/16	朝刊	39ページ
路面標示など見やすく、長野バス転落で防止策。	2016/4/16	朝刊	39ページ
知人遺体を遺棄、容疑の男を逮捕、埼玉県警。	2016/4/16	朝刊	39ページ
写真展「美を掬う人　福原信三・路草」より。	2016/4/16	朝刊	40ページ
オペラ上演、劇場が指揮、共同制作、作品に独自性、優秀な歌手、機動的に起用（文化）	2016/4/16	朝刊	40ページ
福澤武（１５）慶応大学へ——大検経て合格、塾生復帰、論文試験、「独学自尊」で突破（私の履歴書）	2016/4/16	朝刊	40ページ
高虎の縁、藤田達生（交遊抄）	2016/4/16	朝刊	40ページ
明治座歌舞伎、意欲的な初役づくし（文化往来）	2016/4/16	朝刊	40ページ
熊本地震、死者９人、一時４万４０００人避難、８６０人が負傷、余震１２０回超。	2016/4/15	夕刊	1ページ
中国、６．７％成長に減速、１〜３月、７年ぶり低水準。	2016/4/15	夕刊	1ページ
合意、金融政策は縛らず、Ｇ２０開幕、麻生財務相が言及。	2016/4/15	夕刊	1ページ
熊本地震、死者９人——政府、激甚指定へ調査団、首相「救助、時間との勝負」。	2016/4/15	夕刊	1ページ
ＮＹ株３日続伸、９カ月ぶり高値。	2016/4/15	夕刊	1ページ
「ラッシュ」について——詩人佐々木幹郎（あすへの話題）	2016/4/15	夕刊	1ページ
熊本、衝撃まざまざ。	2016/4/15	夕刊	2ページ
熊本地震、企業に影響拡大、パナソニックやホンダ、工場を休止。	2016/4/15	夕刊	3ページ
北朝鮮、ミサイル発射失敗、中距離「ムスダン」か。	2016/4/15	夕刊	3ページ
「北方領土解決に精力交渉」、外交青書、閣議で報告、対中関係「改善の流れ」。	2016/4/15	夕刊	3ページ
租税回避地に厳しい貿易条件、ＷＴＯ委認める、パナマ敗訴。	2016/4/15	夕刊	3ページ
マイクロソフト、米司法省を提訴、「捜査で情報閲覧、かん口令は違憲」。	2016/4/15	夕刊	3ページ
課税情報、世界で共有を、欧州５カ国・ＯＥＣＤ提案。	2016/4/15	夕刊	3ページ
仏名門校の経営学修士、慶大生取得１年短く、両校が提携。	2016/4/15	夕刊	3ページ
熊本地震——ＴＰＰ審議見送り、与野党、地震対応を優先。	2016/4/15	夕刊	3ページ
セブン＆アイ、午後に指名委。	2016/4/15	夕刊	3ページ
北朝鮮、ミサイル発射失敗——日本への飛来「確認されず」、官房長官。	2016/4/15	夕刊	3ページ
熊本地震——スイカ選果場、被害を懸念。	2016/4/15	夕刊	3ページ
民進が法改正案提出、衆院選挙制度改革。	2016/4/15	夕刊	3ページ
熊本地震——被災者への配慮、金融機関に要請、財務省・日銀。	2016/4/15	夕刊	3ページ
ＣＯ２排出３．１％減、１４年度確報値。	2016/4/15	夕刊	3ページ
スポーツ、アジア、テクノロジー、マネー・ライフ（日経電子版から）	2016/4/15	夕刊	3ページ
逆風ベライゾン「土管」返上なるか（ウォール街ラウンドアップ）	2016/4/15	夕刊	4ページ
独５日続伸、英は高値（欧州株）	2016/4/15	夕刊	4ページ
４月の独景気予測指数（市場の材料）	2016/4/15	夕刊	4ページ
１０年、マイナス０．１００％（金利）	2016/4/15	夕刊	4ページ
円続落、１０９円台後半（為替）	2016/4/15	夕刊	4ページ
シカゴ大豆が反落（商品）	2016/4/15	夕刊	4ページ
４日ぶり反落（日本株）	2016/4/15	夕刊	4ページ
＜数表＞ニューヨーク株式、ナスダック株式、ロンドン株式、フランクフルト株式。	2016/4/15	夕刊	4ページ
＜数表＞海外商品先物・現物、世界の商品指数、ＬＭＥ非鉄在庫、他。	2016/4/15	夕刊	4ページ
＜数表＞４月１４日取引所ＦＸ。	2016/4/15	夕刊	4ページ
上海は小反落（アジア株）	2016/4/15	夕刊	4ページ
１５日の相場表変更。	2016/4/15	夕刊	5ページ
シンガポール——銀行株低迷が映す新常態（アジアラウンドアップ）	2016/4/15	夕刊	5ページ
株式投資の基本（４）景気や為替動向、株価を左右（なるほど投資講座）	2016/4/15	夕刊	5ページ
日経平均上昇も円高懸念強く——医薬・バイオ株に期待感（注目ニュース番付）	2016/4/15	夕刊	5ページ
公共投資のＩＣＴシフト（十字路）	2016/4/15	夕刊	5ページ
為替——みずほ証券チーフＦＸストラテジスト鈴木健吾氏、円、今後１カ月は１０５〜１１３円（プロはこう読む）	2016/4/15	夕刊	5ページ
ＡＬＳＯＫ、セコムを追う原動力（電子版記者の目から）	2016/4/15	夕刊	5ページ
＜数表＞商品先物。	2016/4/15	夕刊	5ページ
＜数表＞国内株式、外為対顧客電信売相場、海外為替、海外金利、米国株、他。	2016/4/15	夕刊	5ページ
航空機関連の博物館、相次ぎリニューアル——大空への夢、ハイテク体感（おでかけナビ）	2016/4/15	夕刊	7ページ
ＳＧＨとＳＧＵ、難波功士（プロムナード）	2016/4/15	夕刊	7ページ
安来駅（島根県）——どじょうと「ゲゲゲの女房」（にっぽん途中下車）	2016/4/15	夕刊	7ページ
謎解き５番勝負（５）バラバラ漢字パズル（終）	2016/4/15	夕刊	7ページ
先生はパラリンピアン——特別支援学校、選手を招き交流、東京都、競技体験で才能発掘（学ぶ）	2016/4/15	夕刊	9ページ
自費出版表紙に名を（５）震災を機に広がった自分史、貴重な日常の暮らし後世に（体験学）終	2016/4/15	夕刊	9ページ
Ｍｏｄｅｒｎ　Ｂｅａｕｔｙ—フランスの絵画と化粧道具、ファッションにみる美の近代、他（がいどガイドワイド）	2016/4/15	夕刊	9ページ
「なりたて中学生　初級編」、人づきあいに悩む少年（こころの一冊）	2016/4/15	夕刊	9ページ
リオンディーズ、正攻法で勝機、辻三蔵（馬鏡）	2016/4/15	夕刊	13ページ
皐月賞、１番人気は不安？（ぱどっく）	2016/4/15	夕刊	13ページ
日本、強豪ぞろいのＢ組、リオ五輪サッカー組み合わせ、長距離移動負担大きく。	2016/4/15	夕刊	13ページ
女子ゴルフ中止、熊本地震で。	2016/4/15	夕刊	13ページ
欧州サッカー——ドルトムント、準々決勝敗退、香川は７７分まで出場。	2016/4/15	夕刊	13ページ
欧州サッカー——退いた後に失点、奮闘の香川無念。	2016/4/15	夕刊	13ページ
熊本地震、強い余震警戒続く——内陸型、３番目に多く、気象庁、震源の浅さが影響か。	2016/4/15	夕刊	14ページ
熊本地震——最大の長周期地震動、「階級４」初観測、６強の余震時に。	2016/4/15	夕刊	14ページ
人工知能が自閉症判別、ＡＴＲなど、脳のＭＲＩ画像から。	2016/4/15	夕刊	14ページ
熊本地震——停電で１１時間、データ送信不能、益城町の震度計。	2016/4/15	夕刊	14ページ
熊本地震——熊本県知事に両陛下が見舞い。	2016/4/15	夕刊	14ページ
熊本地震——九州自動車道、陥没や隆起多数。	2016/4/15	夕刊	14ページ
山菜採り、有毒植物に注意、消費者庁。	2016/4/15	夕刊	14ページ
世界遺産目指し指定区域を拡張、西表石垣国立公園。	2016/4/15	夕刊	14ページ
熊本地震、激震、町に深い爪痕、倒れた家道路塞ぐ、「今夜どこで過ごせば」。	2016/4/15	夕刊	15ページ
熊本地震——肩寄せ屋外で一夜、避難住民、泣き出す姿も。	2016/4/15	夕刊	15ページ
報酬「増額しておいた」、田母神容疑者、運動員に、自ら関与か。	2016/4/15	夕刊	15ページ
熊本地震——熊本城、石垣崩れる、断水や停電、校舎にひび。	2016/4/15	夕刊	15ページ
侵入容疑男、盗み目的か、ゴールデン街火災。	2016/4/15	夕刊	15ページ
高橋淳氏（元日本ペイント副社長）（死去）	2016/4/15	夕刊	15ページ
預金横領の元県議有罪、横浜地裁、成年後見人で（ピックアップ）	2016/4/15	夕刊	15ページ
元原発作業員の労災棄却、福岡地裁（ピックアップ）	2016/4/15	夕刊	15ページ
神戸山口組、指定暴力団に、公示で効力。	2016/4/15	夕刊	15ページ
暴風や高波、北日本で警戒、低気圧発達。	2016/4/15	夕刊	15ページ
大垣共立銀行頭取土屋嶢（５）作詞家・つちやたかし——遊び心はアイデアの源（こころの玉手箱）終	2016/4/15	夕刊	16ページ
グランドフィナーレ——老いを通し、生きる意味描く（シネマ万華鏡）	2016/4/15	夕刊	16ページ
スポットライト／世紀のスクープ——新聞記者のあるべき姿（シネマ万華鏡）	2016/4/15	夕刊	16ページ
シス・カンパニー「アルカディア」——切ない愛、浮かびあがる哀感（演劇）	2016/4/15	夕刊	16ページ
オマールの壁、ハロルドが笑うその日まで、あいつだ、無音の叫び声、夢の女／ユメノヒト（シネマ万華鏡）	2016/4/15	夕刊	16ページ
パソコン統合交渉白紙、東芝・富士通・ＶＡＩＯ、溝埋まらず。	2016/4/15	朝刊	1ページ
熊本で震度７、家屋倒壊、２人死亡、震度６の余震も。	2016/4/15	朝刊	1ページ
セブン＆アイ社長に井阪氏、セブン古屋氏、鈴木氏は最高顧問、指名委に提案。	2016/4/15	朝刊	1ページ
日産、高速道で自動運転、主力ミニバン搭載、８月に発売。	2016/4/15	朝刊	1ページ
熊本で震度７——首相「夜を徹して救命」。	2016/4/15	朝刊	1ページ
日本史の問題である（春秋）	2016/4/15	朝刊	1ページ
米比、南シナ海で共同哨戒、定期実施、中国をけん制、四半世紀ぶり「駐留」へ。	2016/4/15	朝刊	2ページ
もたつく景気（４）再燃する増税延期論——改革こそ成長導く（終）	2016/4/15	朝刊	2ページ
暗闘農政改革（４）農水省外しは陰謀だ（迫真）終	2016/4/15	朝刊	2ページ
英首相は国民を説得しＥＵ離脱の回避を（社説）	2016/4/15	朝刊	2ページ
日韓関係への影響が心配だ（社説）	2016/4/15	朝刊	2ページ
アジア——変わるインバウンド消費、北朝鮮、大気圏内核実験の危惧（電子版ＳＥＬＥＣＴ）	2016/4/15	朝刊	2ページ
韓国、改革の停滞不可避、総選挙、１６年ぶり少数与党に、対北朝鮮も不透明。	2016/4/15	朝刊	3ページ
人工知能作品に「著作権」、音楽や小説など、政府知財本部方針、法整備を検討。	2016/4/15	朝刊	3ページ
熊本で震度７、阪神と同じ直下型、気象庁見解「横ずれ断層型」。	2016/4/15	朝刊	3ページ
韓国、改革の停滞不可避——日本政府、慰安婦合意や安保協力に影響懸念。	2016/4/15	朝刊	3ページ
人工知能作品に「著作権」——ＩＴビジネス巻き返し、欧米は現行法で対応。	2016/4/15	朝刊	3ページ
熊本で震度７、阪神と同じ直下型——震度７、人が飛ばされることも。	2016/4/15	朝刊	3ページ
自動運転技術の開発競争——産業構造変化促す可能性（きょうのことば）	2016/4/15	朝刊	3ページ
政府、災害復旧に全力、熊本震度７、予備費を活用、激甚災害に指定へ、原発被害情報なし。	2016/4/15	朝刊	4ページ
連合、民進との関係見直し、「支援強化」、「連携を図る」、旧維新系をけん制。	2016/4/15	朝刊	4ページ
ＴＰＰ審議再開、地震被害見極め判断。	2016/4/15	朝刊	4ページ
ＬＮＧ市場整備で協力、Ｇ７エネ相会合で合意へ。	2016/4/15	朝刊	4ページ
総会資料開示前倒し、経産省提言、株主と対話促進。	2016/4/15	朝刊	4ページ
「０増６減」案きょう提出、衆院選改革、自公、２２日審議入り。	2016/4/15	朝刊	4ページ
都、１２月に国際金融会議。	2016/4/15	朝刊	4ページ
自民議員、反対の決議書、生乳流通自由化巡り。	2016/4/15	朝刊	4ページ
辺野古フロート撤去へ、政府と沖縄県合意。	2016/4/15	朝刊	4ページ
日本の大使のみ呼び出し、Ｇ７外相会合声明で中国。	2016/4/15	朝刊	4ページ
新たな在留資格設置など提言案、ＧＤＰ６００兆円へ自民。	2016/4/15	朝刊	4ページ
減税日本に合流呼びかけ、おおさか維新。	2016/4/15	朝刊	4ページ
４月１４日・１５日（首相官邸）	2016/4/15	朝刊	4ページ
あいさつは大事（記者手帳）	2016/4/15	朝刊	4ページ
下請け「不当な残業」防ぐ、労基署が把握、公取委などに通報、長時間労働改善へ。	2016/4/15	朝刊	5ページ
マイナス金利「懸念増大」、三菱ＵＦＪ社長、日銀に苦言、黒田総裁「まだ緩和余地」。	2016/4/15	朝刊	5ページ
日経平均３日で１１００円上昇、買い戻し主導、持続力焦点。	2016/4/15	朝刊	5ページ
景気下支え、協調探る、Ｇ２０財務相会議。	2016/4/15	朝刊	5ページ
トヨタ系金融子会社、社債利率、最低に、３年債で０．０２％。	2016/4/15	朝刊	5ページ
クレディ・スイス処分へ、監視委勧告、重要情報で顧客勧誘。	2016/4/15	朝刊	5ページ
インド中銀、融資規制強化策を撤回。	2016/4/15	朝刊	5ページ
シンガポールに運用会社、富国生命。	2016/4/15	朝刊	5ページ
エナリスに課徴金勧告へ、不適切会計で監視委。	2016/4/15	朝刊	5ページ
急激な為替変動なら「介入は正当」、ＩＭＦ専務理事。	2016/4/15	朝刊	5ページ
＜数表＞４月３日〜９日の対外・対内証券投資。	2016/4/15	朝刊	5ページ
富裕層資産隠し、美術品も使う、パナマ文書で判明、指南役存在、進む巧妙化。	2016/4/15	朝刊	6ページ
プーチン氏、北方領土「妥協見いだせる」、首相の５月訪ロ評価。	2016/4/15	朝刊	6ページ
ブラジル大統領弾劾、集票工作激しく、きょうから下院審議。	2016/4/15	朝刊	6ページ
個人情報保護策を可決、欧州議会、多額の制裁金導入。	2016/4/15	朝刊	6ページ
プーチン氏、北方領土「妥協見いだせる」——日ロ首脳会談へ地ならしを狙う、きょう外相会談。	2016/4/15	朝刊	6ページ
グーグル幹部を起用、フェイスブック。	2016/4/15	朝刊	6ページ
ウクライナ新首相承認。	2016/4/15	朝刊	6ページ
アップルからデザイナー、米ゴープロ。	2016/4/15	朝刊	6ページ
豪首相が中国訪問、貿易拡大など確認。	2016/4/15	朝刊	6ページ
搭乗者名簿提出、義務付け案可決、欧州議会。	2016/4/15	朝刊	6ページ
豪失業率３月５．７％に改善。	2016/4/15	朝刊	6ページ
免許停止処分の可能性、米血液検査ベンチャー。	2016/4/15	朝刊	6ページ
ベルギー、ミシェル首相——ベルギー、失敗国家でない（Ｖｏｉｃｅ）	2016/4/15	朝刊	6ページ
パナマ文書巡り報道統制強化か、ロシア。	2016/4/15	朝刊	6ページ
欧州企業、通貨高の逆風——中国発の供給過剰波及、素材最大手など不振、資源安が直撃。	2016/4/15	朝刊	7ページ
フィンテックに年３０億ドル、バンカメＣＥＯに聞く、「どんなライバルより多くの特許」、米国景気にも手応え。	2016/4/15	朝刊	7ページ
欧州企業、通貨高の逆風、今年の主要６００社、増益率１％台見通し、マイナス金利も重荷。	2016/4/15	朝刊	7ページ
バンク・オブ・アメリカ、１３％減益、市場の混乱響く、１〜３月。	2016/4/15	朝刊	7ページ
韓国どこへ総選挙与党大敗（上）「ポスト朴」レース号砲——新党トップ、有力候補に。	2016/4/15	朝刊	7ページ
米消費者物価３月０．１％上昇（ダイジェスト）	2016/4/15	朝刊	7ページ
金正恩氏を党大会代表に（ダイジェスト）	2016/4/15	朝刊	7ページ
アジア投資銀、今年１３００億円融資（ダイジェスト）	2016/4/15	朝刊	7ページ
中国・北京市、人権派弁護士の資格取り消し（ダイジェスト）	2016/4/15	朝刊	7ページ
英中銀、政策金利据え置き（ダイジェスト）	2016/4/15	朝刊	7ページ
台湾ＴＳＭＣ、１８％減益、１〜３月最終、スマホ需要減退。	2016/4/15	朝刊	9ページ
中国で日本の介護用品をネット通販、現地政府系と日系５社が来月から、車いすやベッドなど。	2016/4/15	朝刊	9ページ
利豊、化粧・医薬品卸の売却検討。	2016/4/15	朝刊	9ページ
シンガポール取引所、デリバティブが稼ぎ頭に、売上高の４割、独自商品に力（Ａｓｉａ３００）	2016/4/15	朝刊	9ページ
寄稿、サム・ジェオール氏——中国の温暖化対策、地方と市民の役割考慮を（ＮＩＫＫＥＩＡＳＩＡＮＲＥＶＩＥＷ）	2016/4/15	朝刊	9ページ
六福集団（香港）——直営店の減収発表を嫌気（アジア注目銘柄）	2016/4/15	朝刊	9ページ
ＬＶＭＨモエヘネシー・ルイヴィトン、中国消費に強気の見通し（アジアフラッシュ）	2016/4/15	朝刊	9ページ
テレコムニカシ・インドネシア、スタートアップ企業支援（アジアフラッシュ）	2016/4/15	朝刊	9ページ
フィリピン長距離電話、社名を「ＰＬＤＴ」に変更（アジアフラッシュ）	2016/4/15	朝刊	9ページ
就活はやヤマ場、１７年卒、面接３〜５月開始７割、民間調べ、人材囲い込み急ぐ。	2016/4/15	朝刊	11ページ
世界の鋼材需要、下方修正、１６年見通し０．８％減、国内鉄鋼、業績に影響も。	2016/4/15	朝刊	11ページ
清水建設、２５年ぶり最高益、前期最終、首都圏の再開発など。	2016/4/15	朝刊	11ページ
コニカミノルタ、新規事業開拓で２０年度売上高４割増に。	2016/4/15	朝刊	11ページ
「ユニクロ」商品、セブンで受け取り、全国で１９日から。	2016/4/15	朝刊	11ページ
ドコモ遠い「満額回答」、「官製値下げ」で長期割引拡充、安さの実感不透明（ビジネスＴＯＤＡＹ）	2016/4/15	朝刊	11ページ
養命酒製造、人気フレーバーに大容量タイプ（Ｗｈａｔ’ｓＮｅｗ）	2016/4/15	朝刊	11ページ
プジョー・シトロエン・ジャポン、エンジン刷新、最高１６５馬力（Ｗｈａｔ’ｓＮｅｗ）	2016/4/15	朝刊	11ページ
岡村製作所、オプション豊富リビングデスク（Ｗｈａｔ’ｓＮｅｗ）	2016/4/15	朝刊	11ページ
動かぬ太陽光、退場促す、再生エネ買い取り、認定方式を変更、国民負担膨張に歯止め。	2016/4/15	朝刊	12ページ
日立、ＩｏＴ研究に１０００億円、米で基盤開発新拠点、ＡＩで顧客需要予測。	2016/4/15	朝刊	12ページ
電力顧客、初年度４０万件、東ガス、自由化で目標発表。	2016/4/15	朝刊	12ページ
シャープ、「ロボ携帯」発表、独創性復活へＡＩ活用。	2016/4/15	朝刊	12ページ
次世代電力計の設置遅延８月まで、東電、見通し発表。	2016/4/15	朝刊	12ページ
積水化学、中国内陸の水事業撤退、沿岸部は合弁新設。	2016/4/15	朝刊	12ページ
ロック・フィールド創業者の岩田氏、社長に復帰。	2016/4/15	朝刊	12ページ
三菱マテリアル、貴金属リサイクル新施設。	2016/4/15	朝刊	12ページ
ＪＸ、ベトナム石油に出資発表、２００億円程度。	2016/4/15	朝刊	12ページ
米５００スタートアップス、新興企業向けに育成プログラム。	2016/4/15	朝刊	12ページ
大手商社、住商など東京駅周辺に本社移転。	2016/4/15	朝刊	12ページ
銀河高原ビール、利益水増しで社長辞任。	2016/4/15	朝刊	12ページ
日立化成、中国に産業用蓄電池工場。	2016/4/15	朝刊	12ページ
メタップス、ネット決済完全子会社化。	2016/4/15	朝刊	12ページ
スター・マイカ、水永政志氏（新社長）	2016/4/15	朝刊	12ページ
ニチイ学館（会社人事）	2016/4/15	朝刊	12ページ
ロック・フィールド（会社人事）	2016/4/15	朝刊	12ページ
古野電気（会社人事）	2016/4/15	朝刊	12ページ
ドトール・日レスホールディングス（会社人事）	2016/4/15	朝刊	12ページ
東宝（会社人事）	2016/4/15	朝刊	12ページ
住友化学（会社人事）	2016/4/15	朝刊	12ページ
キリン堂ホールディングス（会社人事）	2016/4/15	朝刊	12ページ
松屋（会社人事）	2016/4/15	朝刊	12ページ
オリンパス（会社人事）	2016/4/15	朝刊	12ページ
キャリアリンク（会社人事）	2016/4/15	朝刊	12ページ
ハイデイ日高（会社人事）	2016/4/15	朝刊	12ページ
東京衡機（会社人事）	2016/4/15	朝刊	12ページ
ヤマハ発動機（会社人事）	2016/4/15	朝刊	12ページ
テラスカイ（会社人事）	2016/4/15	朝刊	12ページ
大和（会社人事）	2016/4/15	朝刊	12ページ
スター・マイカ（会社人事）	2016/4/15	朝刊	12ページ
キリン堂（会社人事）	2016/4/15	朝刊	12ページ
ＺＯＡ（会社人事）	2016/4/15	朝刊	12ページ
ピックルスコーポレーション（会社人事）	2016/4/15	朝刊	12ページ
エスケイジャパン（会社人事）	2016/4/15	朝刊	12ページ
市進ホールディングス（会社人事）	2016/4/15	朝刊	12ページ
ダイヤモンドダイニング（会社人事）	2016/4/15	朝刊	12ページ
レナウン（会社人事）	2016/4/15	朝刊	12ページ
丸東産業（会社人事）	2016/4/15	朝刊	12ページ
アオキスーパー（会社人事）	2016/4/15	朝刊	12ページ
ロゼッタ（会社人事）	2016/4/15	朝刊	12ページ
エスフーズ（会社人事）	2016/4/15	朝刊	12ページ
丸栄（会社人事）	2016/4/15	朝刊	12ページ
「都心で体験」車ファン開拓、ＢＭＷ、国内最大級の販売店、マツダ、ブランド魅力発信。	2016/4/15	朝刊	13ページ
マンション価格上昇続く、３月の首都圏、戸数は４カ月連続減。	2016/4/15	朝刊	13ページ
サンリオピューロランド設備刷新、２０年までに５０億円。	2016/4/15	朝刊	13ページ
主婦、自宅で空き時間活用、サイト制作を仲介、ソフトバンク。	2016/4/15	朝刊	13ページ
５０００円の朝食ビュッフェ、ニューオータニ、こだわり料理１００種。	2016/4/15	朝刊	13ページ
エコカー減税、「ジープ」対象に、ＦＣＡ、米国車で初。	2016/4/15	朝刊	13ページ
ラーク１０円値上げへ、フィリップモリスが申請。	2016/4/15	朝刊	13ページ
ネット通販をＨ＆Ｍが開始。	2016/4/15	朝刊	13ページ
パナソニック、キッチンや浴室の高級モデル拡充。	2016/4/15	朝刊	13ページ
中国電、カープの試合で首都圏の客開拓。	2016/4/15	朝刊	13ページ
東日本旅客鉄道子会社の日本コンサルタンツ、インドネシア鉄道開業支援。	2016/4/15	朝刊	13ページ
小森コーポレーションとＳＣＲＥＥＮホールディングス、欧州の印刷機販売で提携。	2016/4/15	朝刊	13ページ
ＮＴＴぷらら、スマホでプロ野球視聴。	2016/4/15	朝刊	13ページ
伊藤忠商事岡藤社長（ニュース一言）	2016/4/15	朝刊	13ページ
ゼンショＨＤ、すかいらーく、資金にメド、Ｍ＆Ａに動く、経営難の中堅外食に照準。	2016/4/15	朝刊	15ページ
王子ＨＤ、営業益５４％増、前期７２０億円に上振れ、海外事業がけん引、国内は値上げが寄与。	2016/4/15	朝刊	15ページ
企業年金、運用損１０００億円、昨年度、株安・円高が痛手に。	2016/4/15	朝刊	15ページ
ハウス食Ｇ１５％増益、中国でカレールウ好調、前期営業。	2016/4/15	朝刊	15ページ
東宝と松竹、減益に、映画館の稼働率低下へ、今期最終。	2016/4/15	朝刊	15ページ
松屋、純利益９％減、前期１１億円、特損計上が響く。	2016/4/15	朝刊	15ページ
ドトル日レス、最高益５６億円、今期最終、出店を拡大。	2016/4/15	朝刊	15ページ
ウエルシア純利益９５億円、前期、実質２８％増。	2016/4/15	朝刊	15ページ
ソフトバンク、社債５００億円発行。	2016/4/15	朝刊	15ページ
ウィズへのＴＯＢ。	2016/4/15	朝刊	15ページ
＜数表＞本決算（決算数字）	2016/4/15	朝刊	15ページ
＜数表＞第２四半期（決算数字）	2016/4/15	朝刊	15ページ
＜数表＞第３四半期（決算数字）	2016/4/15	朝刊	15ページ
＜数表＞財務短信。	2016/4/15	朝刊	15ページ
決算書のイロハ（９）キャッシュフロー——現金の出入りを示す（わかる財務）	2016/4/15	朝刊	15ページ
＜数表＞第１四半期（決算数字）	2016/4/15	朝刊	15ページ
＜数表＞業績予想修正・配当異動。	2016/4/15	朝刊	15ページ
東宝、北の達人コーポレーション（自社株取得枠設定）	2016/4/15	朝刊	15ページ
ヒューリックリート投資法人（３２９５）（格付け）	2016/4/15	朝刊	15ページ
ソフトバンクグループ（９９８４）（格付け）	2016/4/15	朝刊	15ページ
東海カーボン（５３０１）（格付け）	2016/4/15	朝刊	15ページ
メンバーズ（新規上場承認）	2016/4/15	朝刊	15ページ
西日本旅客鉄道（９０２１）（格付け）	2016/4/15	朝刊	15ページ
東京個別指導学院（立会外分売）	2016/4/15	朝刊	15ページ
東証、ジグソー株の信用取引に関する臨時措置。	2016/4/15	朝刊	16ページ
銘柄管理情報＝新規上場、指定変更、新株落ち。	2016/4/15	朝刊	16ページ
東証、ＭＤＶ株、メドピア株を日々公表銘柄に指定。	2016/4/15	朝刊	16ページ
東証、カーチスＨＤ株の日々公表銘柄指定を解除。	2016/4/15	朝刊	16ページ
為替敏感株に敬遠機運——円安シナリオ描きにくく（スクランブル）	2016/4/15	朝刊	16ページ
ＪＲ東海——４日ぶり反発、６％高、投資負担の軽減に期待（銘柄診断）	2016/4/15	朝刊	16ページ
３日続伸、円高一服を好感（株式）	2016/4/15	朝刊	16ページ
１０年、マイナス０．０９０％（金利）	2016/4/15	朝刊	16ページ
上海、３カ月ぶり高値（アジア株）	2016/4/15	朝刊	16ページ
円続落、１０９円３１〜３２銭（為替）	2016/4/15	朝刊	16ページ
金、５日ぶり反落（商品）	2016/4/15	朝刊	16ページ
＜数表＞４月１４日外為市場。	2016/4/15	朝刊	16ページ
＜数表＞４月１４日株式市場。	2016/4/15	朝刊	16ページ
＜数表＞業種別日経平均（５００種）	2016/4/15	朝刊	16ページ
＜数表＞４月１４日ランキング、東証１部、東証２部、ジャスダック。	2016/4/15	朝刊	16ページ
＜数表＞日経平均先物の主な手口。	2016/4/15	朝刊	16ページ
＜数表＞４月１４日（市場体温計）	2016/4/15	朝刊	16ページ
＜数表＞株価指数先物・配当指数先物・ＶＩ先物。	2016/4/15	朝刊	16ページ
＜数表＞４月１４日商品先物。	2016/4/15	朝刊	16ページ
＜数表＞貸借取引残高。	2016/4/15	朝刊	16ページ
＜数表＞裁定取引に伴う現物株売買および残高。	2016/4/15	朝刊	16ページ
＜数表＞株式市場の投資指標。	2016/4/15	朝刊	16ページ
小売株、業績期待で明暗、投資家、成長力を見極め、ローソン３％安、イオンは５％高。	2016/4/15	朝刊	17ページ
３０年債利回り乱高下、入札・日銀決定会合にらむ。	2016/4/15	朝刊	17ページ
ＬＭＥ銅、２週ぶり高値、中国の貿易統計を好感。	2016/4/15	朝刊	17ページ
年初来高値６７銘柄、東証１部、４カ月ぶり高水準。	2016/4/15	朝刊	17ページ
最高落札利回り過去最低、３カ月物ＴＢ。	2016/4/15	朝刊	17ページ
今日の材料。	2016/4/15	朝刊	17ページ
インバウンド観光は持続するか（大機小機）	2016/4/15	朝刊	17ページ
＜数表＞４月１４日短期金融市場。	2016/4/15	朝刊	17ページ
＜数表＞ジャスダック投資部門別売買代金差額。	2016/4/15	朝刊	17ページ
＜数表＞４月１４日債券市場。	2016/4/15	朝刊	17ページ
＜数表＞空売り比率。	2016/4/15	朝刊	17ページ
＜数表＞投資部門別売買代金差額。	2016/4/15	朝刊	17ページ
ＬＮＧスポット価格低迷、年初比４割安、供給増も需要鈍く、電気料金引き下げ要因に。	2016/4/15	朝刊	21ページ
サウジ原油５月積み調整金、代表油種で小幅下げ。	2016/4/15	朝刊	21ページ
Ｈ形鋼流通在庫が急増、３月末５．５％増、荷動き振るわず。	2016/4/15	朝刊	21ページ
金地金販売３５％増、田中貴金属、１〜３月、投資対象として人気に。	2016/4/15	朝刊	21ページ
派遣時給３．３％上昇、最高に、三大都市圏、３月民間調べ。	2016/4/15	朝刊	21ページ
情報発信拠点、東商取が開設、来月、個人向け。	2016/4/15	朝刊	21ページ
ドバイ原油反落、スポット市場。	2016/4/15	朝刊	21ページ
銅・亜鉛の建値上げ、ＪＸ金属と三井金属。	2016/4/15	朝刊	21ページ
金鉱山、中国企業が台頭、国策の下、調達体制構築（国際商品変わる勢力図）終	2016/4/15	朝刊	21ページ
アジ——卸価格７割安く、加工向け需要鈍る（生鮮クリック）	2016/4/15	朝刊	21ページ
＜数表＞４月１４日卸売市場（主要相場）	2016/4/15	朝刊	21ページ
＜数表＞４月１４日日経商品指数１７種、デイリー、ウイークリー、他（主要相場）	2016/4/15	朝刊	21ページ
＜数表＞４月１４日アジア市況、輸入生鮮（主要相場）	2016/4/15	朝刊	21ページ
＜数表＞４月１４日荷受市場（主要相場）	2016/4/15	朝刊	21ページ
待機児童問題の視点（下）鈴木亘学習院大学教授——保育料・新規参入、自由化を、利用券配り負担軽減（経済教室）	2016/4/15	朝刊	27ページ
やさしいミクロ経済学（１０）東京大学教授柳川範之——寡占競争、ゲーム理論で議論発展。	2016/4/15	朝刊	27ページ
国際金融規制を知る（８）国境や分野超え整合性を（ゼミナール）	2016/4/15	朝刊	27ページ
日本の情報機能（４）政治家の資質も課題——活動監視に不可欠（時事解析）終	2016/4/15	朝刊	27ページ
画像診断装置、異なる原理、高画質に進化、撮影時間も短く（ニュースな科学）	2016/4/15	朝刊	29ページ
野尻湖ナウマンゾウ博物館——氷河期に生息、痕跡を展示（探訪サイエンス）	2016/4/15	朝刊	29ページ
海氷、長期では減少傾向（でーたクリップ）	2016/4/15	朝刊	29ページ
「３強」の力関係カギ、皐月賞枠順決まる。	2016/4/15	朝刊	33ページ
８５歳でヒマラヤ滑降目標、トレーニング遠征１８日出発、三浦雄一郎氏、「一から出直す感じ」。	2016/4/15	朝刊	33ページ
東建ホームメイトカップ——永野と重永、首位発進。	2016/4/15	朝刊	33ページ
ヤクルト、巨人——仕事師バレンティン、同点弾に勝ち越し打。	2016/4/15	朝刊	33ページ
東建ホームメイトカップ——２７歳同士の２人、バーディー合戦。	2016/4/15	朝刊	33ページ
２失点でしのぎ、涌井が４勝目、ロッテ４連勝。	2016/4/15	朝刊	33ページ
技術委員に山本氏ら、日本サッカー協会。	2016/4/15	朝刊	33ページ
ギャンブルとの壁（アナザービュー）	2016/4/15	朝刊	33ページ
卓球五輪アジア予選、伊藤、世界女王破る、石川、出場権取れず。	2016/4/15	朝刊	33ページ
アテネ金・野口引退、きょう会見。	2016/4/15	朝刊	33ページ
リオ五輪サッカー組み合わせ、初戦はナイジェリア、日本。	2016/4/15	朝刊	33ページ
卓球五輪アジア予選——強打にも引かず、胸元巧みに突く、伊藤。	2016/4/15	朝刊	33ページ
楽天・オコエ、登録外れる。	2016/4/15	朝刊	33ページ
阪神・藤川、登録外れる。	2016/4/15	朝刊	33ページ
拒食症や過食症、摂食障害患者２．６万人、相談者４割、治療せず、厚労省調査。	2016/4/15	朝刊	34ページ
熊本で震度７——電気・ガス被害は。	2016/4/15	朝刊	34ページ
井山王座、七冠持ち越し、囲碁十段戦。	2016/4/15	朝刊	34ページ
熊本で震度７——工場持つ企業、確認作業急ぐ、富士フイルムなど。	2016/4/15	朝刊	34ページ
日産と三菱がリコール。	2016/4/15	朝刊	34ページ
カンヌ映画祭に是枝作品、「ある視点」部門に出品。	2016/4/15	朝刊	34ページ
ダイハツは改善対策。	2016/4/15	朝刊	34ページ
引き算の世界（４）公務員、ハコモノ削減説く——破綻の警鐘「敵増えた」（解を探しに）	2016/4/15	朝刊	34ページ
川端賞に山田詠美さん。	2016/4/15	朝刊	34ページ
熊本で震度７、「ドン」経験ない揺れ、家屋倒れ道路陥没、続く余震、不安な夜。	2016/4/15	朝刊	35ページ
暴力団への融資、後で判明、差し戻し審も保証有効、東京高裁判決「調査は相当」。	2016/4/15	朝刊	35ページ
熊本で震度７——公民館、あふれる避難者。	2016/4/15	朝刊	35ページ
ＡＩＪ事件、実刑確定へ、年金詐欺、元社長らの上告棄却。	2016/4/15	朝刊	35ページ
小４男児けんか、１人が意識不明、東京・足立。	2016/4/15	朝刊	35ページ
熊本で震度７——「ヤバイ、ヤバイ」、ツイッターに続々投稿。	2016/4/15	朝刊	35ページ
熊本で震度７——「強い余震注意」気象庁が会見、活火山へ「影響なし」。	2016/4/15	朝刊	35ページ
ハクション大魔王の声、大平透氏（声優）（死去）	2016/4/15	朝刊	35ページ
坂下俊男氏（元三菱重工業副社長）（死去）	2016/4/15	朝刊	35ページ
飛騨路に春の訪れを告げる国の重要無形民俗文化財「春の高山祭」が１４日（窓）	2016/4/15	朝刊	35ページ
からくり箱、魅力底なし——箱根の寄せ木細工に物理の味付け、アイデア持ち寄り進化、亀井明夫（文化）	2016/4/15	朝刊	36ページ
福澤武（１４）回復——諭吉自伝、知識欲を刺激、散歩できるまで回復、退院（私の履歴書）	2016/4/15	朝刊	36ページ
エドとハル、射手矢好雄（交遊抄）	2016/4/15	朝刊	36ページ
「アルトー後期集成」シリーズ完結（文化往来）	2016/4/15	朝刊	36ページ
敗者の美術史十選（３）前田寛治「メーデー」。	2016/4/15	朝刊	36ページ